low,close,volume,adj_high,adj_low,adj_close,adj_open,adj_volume,split_factor,symbol,exchange,date
138.05,139.65,143990.0,,,139.65,,,1.0,AENA.BMEX,BMEX,2021-07-01T00:00:00
136.3,138.3,167332.0,,,138.3,,,1.0,AENA.BMEX,BMEX,2021-06-30T00:00:00
137.55,138.75,204709.0,,,138.75,,,1.0,AENA.BMEX,BMEX,2021-06-29T00:00:00
141.9,141.9,263999.0,,,141.9,,,1.0,AENA.BMEX,BMEX,2021-06-28T00:00:00
144.6,148.05,173430.0,,,148.05,,,1.0,AENA.BMEX,BMEX,2021-06-25T00:00:00
142.55,147.15,211170.0,,,147.15,,,1.0,AENA.BMEX,BMEX,2021-06-24T00:00:00
142.15,142.6,104476.0,,,142.6,,,1.0,AENA.BMEX,BMEX,2021-06-23T00:00:00
142.3,142.6,60507.0,,,142.6,,,1.0,AENA.BMEX,BMEX,2021-06-22T00:00:00
139.55,143.0,120786.0,,,143.0,,,1.0,AENA.BMEX,BMEX,2021-06-21T00:00:00
141.0,142.2,395257.0,,,142.2,,,1.0,AENA.BMEX,BMEX,2021-06-18T00:00:00
144.0,145.1,124392.0,,,145.1,,,1.0,AENA.BMEX,BMEX,2021-06-17T00:00:00
142.15,143.1,90511.0,,,143.1,,,1.0,AENA.BMEX,BMEX,2021-06-16T00:00:00
141.85,142.35,121136.0,,,142.35,,,1.0,AENA.BMEX,BMEX,2021-06-15T00:00:00
140.5,143.1,118328.0,,,143.1,,,1.0,AENA.BMEX,BMEX,2021-06-14T00:00:00
140.45,140.45,157205.0,,,140.45,,,1.0,AENA.BMEX,BMEX,2021-06-11T00:00:00
141.2,141.25,116447.0,,,141.25,,,1.0,AENA.BMEX,BMEX,2021-06-10T00:00:00
139.45,144.95,265422.0,,,144.95,,,1.0,AENA.BMEX,BMEX,2021-06-09T00:00:00
139.0,139.0,189473.0,,,139.0,,,1.0,AENA.BMEX,BMEX,2021-06-08T00:00:00
139.45,141.6,178114.0,,,141.6,,,1.0,AENA.BMEX,BMEX,2021-06-07T00:00:00
140.2,140.55,177938.0,,,140.55,,,1.0,AENA.BMEX,BMEX,2021-06-04T00:00:00
141.35,141.8,176627.0,,,141.8,,,1.0,AENA.BMEX,BMEX,2021-06-03T00:00:00
144.0,144.7,105859.0,,,144.7,,,1.0,AENA.BMEX,BMEX,2021-06-02T00:00:00
143.35,145.65,154023.0,,,145.65,,,1.0,AENA.BMEX,BMEX,2021-06-01T00:00:00
142.75,143.5,126055.0,,,143.5,,,1.0,AENA.BMEX,BMEX,2021-05-31T00:00:00
142.2,143.0,164110.0,,,143.0,,,1.0,AENA.BMEX,BMEX,2021-05-28T00:00:00
141.45,141.45,785068.0,,,141.45,,,1.0,AENA.BMEX,BMEX,2021-05-27T00:00:00
140.95,142.45,198150.0,,,142.45,,,1.0,AENA.BMEX,BMEX,2021-05-26T00:00:00
142.35,142.35,104055.0,,,142.35,,,1.0,AENA.BMEX,BMEX,2021-05-25T00:00:00
142.6,144.05,174292.0,,,144.05,,,1.0,AENA.BMEX,BMEX,2021-05-24T00:00:00
141.85,142.35,175147.0,,,142.35,,,1.0,AENA.BMEX,BMEX,2021-05-21T00:00:00
140.15,142.5,123774.0,,,142.5,,,1.0,AENA.BMEX,BMEX,2021-05-20T00:00:00
140.0,141.85,178594.0,,,141.85,,,1.0,AENA.BMEX,BMEX,2021-05-19T00:00:00
143.0,143.85,159676.0,,,143.85,,,1.0,AENA.BMEX,BMEX,2021-05-18T00:00:00
143.6,143.9,108806.0,,,143.9,,,1.0,AENA.BMEX,BMEX,2021-05-17T00:00:00
144.05,147.2,88229.0,,,147.2,,,1.0,AENA.BMEX,BMEX,2021-05-14T00:00:00
141.35,144.75,103002.0,,,144.75,,,1.0,AENA.BMEX,BMEX,2021-05-13T00:00:00
144.7,145.75,231724.0,,,145.75,,,1.0,AENA.BMEX,BMEX,2021-05-12T00:00:00
142.55,144.05,155195.0,,,144.05,,,1.0,AENA.BMEX,BMEX,2021-05-11T00:00:00
143.6,144.85,226167.0,,,144.85,,,1.0,AENA.BMEX,BMEX,2021-05-10T00:00:00
147.35,150.3,131480.0,,,150.3,,,1.0,AENA.BMEX,BMEX,2021-05-07T00:00:00
145.9,148.0,141801.0,,,148.0,,,1.0,AENA.BMEX,BMEX,2021-05-06T00:00:00
148.35,149.0,216162.0,,,149.0,,,1.0,AENA.BMEX,BMEX,2021-05-05T00:00:00
146.55,146.65,162632.0,,,146.65,,,1.0,AENA.BMEX,BMEX,2021-05-04T00:00:00
144.0,148.5,166990.0,,,148.5,,,1.0,AENA.BMEX,BMEX,2021-05-03T00:00:00
143.8,144.7,297546.0,,,144.7,,,1.0,AENA.BMEX,BMEX,2021-04-30T00:00:00
139.3,142.85,234329.0,,,142.85,,,1.0,AENA.BMEX,BMEX,2021-04-29T00:00:00
137.6,140.45,193484.0,,,140.45,,,1.0,AENA.BMEX,BMEX,2021-04-28T00:00:00
136.05,138.55,134596.0,,,138.55,,,1.0,AENA.BMEX,BMEX,2021-04-27T00:00:00
133.35,136.9,141353.0,,,136.9,,,1.0,AENA.BMEX,BMEX,2021-04-26T00:00:00
133.6,133.65,181078.0,,,133.65,,,1.0,AENA.BMEX,BMEX,2021-04-23T00:00:00
134.15,136.7,135200.0,,,136.7,,,1.0,AENA.BMEX,BMEX,2021-04-22T00:00:00
133.9,135.4,168971.0,,,135.4,,,1.0,AENA.BMEX,BMEX,2021-04-21T00:00:00
134.65,134.7,213443.0,,,134.7,,,1.0,AENA.BMEX,BMEX,2021-04-20T00:00:00
137.5,141.05,174889.0,,,141.05,,,1.0,AENA.BMEX,BMEX,2021-04-19T00:00:00
138.05,138.65,144778.0,,,138.65,,,1.0,AENA.BMEX,BMEX,2021-04-16T00:00:00
136.85,137.9,121952.0,,,137.9,,,1.0,AENA.BMEX,BMEX,2021-04-15T00:00:00
136.5,138.75,116871.0,,,138.75,,,1.0,AENA.BMEX,BMEX,2021-04-14T00:00:00
135.5,137.2,120535.0,,,137.2,,,1.0,AENA.BMEX,BMEX,2021-04-13T00:00:00
135.6,135.85,97203.0,,,135.85,,,1.0,AENA.BMEX,BMEX,2021-04-12T00:00:00
138.3,138.3,144651.0,,,138.3,,,1.0,AENA.BMEX,BMEX,2021-04-09T00:00:00
138.1,139.9,186535.0,,,139.9,,,1.0,AENA.BMEX,BMEX,2021-04-08T00:00:00
137.9,138.2,108389.0,,,138.2,,,1.0,AENA.BMEX,BMEX,2021-04-07T00:00:00
137.9,139.1,162073.0,,,139.1,,,1.0,AENA.BMEX,BMEX,2021-04-06T00:00:00
137.1,138.0,84084.0,,,138.0,,,1.0,AENA.BMEX,BMEX,2021-04-01T00:00:00
136.5,138.3,439773.0,,,138.3,,,1.0,AENA.BMEX,BMEX,2021-03-31T00:00:00
134.2,137.6,166770.0,,,137.6,,,1.0,AENA.BMEX,BMEX,2021-03-30T00:00:00
132.7,133.5,177162.0,,,133.5,,,1.0,AENA.BMEX,BMEX,2021-03-29T00:00:00
134.0,134.8,121897.0,,,134.8,,,1.0,AENA.BMEX,BMEX,2021-03-26T00:00:00
132.7,136.3,138595.0,,,136.3,,,1.0,AENA.BMEX,BMEX,2021-03-25T00:00:00
132.6,136.9,1055569.0,,,136.9,,,1.0,AENA.BMEX,BMEX,2021-03-24T00:00:00
133.6,134.5,237047.0,,,134.5,,,1.0,AENA.BMEX,BMEX,2021-03-23T00:00:00
136.2,137.1,375687.0,,,137.1,,,1.0,AENA.BMEX,BMEX,2021-03-22T00:00:00
139.9,141.0,362904.0,,,141.0,,,1.0,AENA.BMEX,BMEX,2021-03-19T00:00:00
143.2,143.9,289402.0,,,143.9,,,1.0,AENA.BMEX,BMEX,2021-03-18T00:00:00
144.0,144.2,167275.0,,,144.2,,,1.0,AENA.BMEX,BMEX,2021-03-17T00:00:00
145.2,145.9,204645.0,,,145.9,,,1.0,AENA.BMEX,BMEX,2021-03-16T00:00:00
144.7,145.8,244260.0,,,145.8,,,1.0,AENA.BMEX,BMEX,2021-03-15T00:00:00
142.5,144.5,163255.0,,,144.5,,,1.0,AENA.BMEX,BMEX,2021-03-12T00:00:00
142.0,144.5,253991.0,,,144.5,,,1.0,AENA.BMEX,BMEX,2021-03-11T00:00:00
145.1,145.5,186816.0,,,145.5,,,1.0,AENA.BMEX,BMEX,2021-03-10T00:00:00
144.8,145.6,295828.0,,,145.6,,,1.0,AENA.BMEX,BMEX,2021-03-09T00:00:00
141.3,145.8,137272.0,,,145.8,,,1.0,AENA.BMEX,BMEX,2021-03-08T00:00:00
139.5,140.4,165402.0,,,140.4,,,1.0,AENA.BMEX,BMEX,2021-03-05T00:00:00
139.6,142.8,301474.0,,,142.8,,,1.0,AENA.BMEX,BMEX,2021-03-04T00:00:00
140.0,142.3,195535.0,,,142.3,,,1.0,AENA.BMEX,BMEX,2021-03-03T00:00:00
140.5,140.5,254937.0,,,140.5,,,1.0,AENA.BMEX,BMEX,2021-03-02T00:00:00
140.6,141.1,187812.0,,,141.1,,,1.0,AENA.BMEX,BMEX,2021-03-01T00:00:00
139.6,140.9,222140.0,,,140.9,,,1.0,AENA.BMEX,BMEX,2021-02-26T00:00:00
142.2,142.8,502844.0,,,142.8,,,1.0,AENA.BMEX,BMEX,2021-02-25T00:00:00
139.5,144.2,347583.0,,,144.2,,,1.0,AENA.BMEX,BMEX,2021-02-24T00:00:00
137.0,141.5,271503.0,,,141.5,,,1.0,AENA.BMEX,BMEX,2021-02-23T00:00:00
130.1,137.2,207559.0,,,137.2,,,1.0,AENA.BMEX,BMEX,2021-02-22T00:00:00
129.7,130.8,296188.0,,,130.8,,,1.0,AENA.BMEX,BMEX,2021-02-19T00:00:00
128.7,129.2,109366.0,,,129.2,,,1.0,AENA.BMEX,BMEX,2021-02-18T00:00:00
130.7,132.4,358492.0,,,132.4,,,1.0,AENA.BMEX,BMEX,2021-02-17T00:00:00
131.0,132.8,543729.0,,,132.8,,,1.0,AENA.BMEX,BMEX,2021-02-16T00:00:00
132.2,132.8,181902.0,,,132.8,,,1.0,AENA.BMEX,BMEX,2021-02-15T00:00:00
130.2,131.5,75857.0,,,131.5,,,1.0,AENA.BMEX,BMEX,2021-02-12T00:00:00
130.7,131.6,112507.0,,,131.6,,,1.0,AENA.BMEX,BMEX,2021-02-11T00:00:00
133.3,133.5,109555.0,,,133.5,,,1.0,AENA.BMEX,BMEX,2021-02-10T00:00:00
134.3,134.8,208155.0,,,134.8,,,1.0,AENA.BMEX,BMEX,2021-02-09T00:00:00
135.2,138.0,141504.0,,,138.0,,,1.0,AENA.BMEX,BMEX,2021-02-08T00:00:00
133.6,136.1,147378.0,,,136.1,,,1.0,AENA.BMEX,BMEX,2021-02-05T00:00:00
131.3,133.4,115721.0,,,133.4,,,1.0,AENA.BMEX,BMEX,2021-02-04T00:00:00
132.5,133.0,157163.0,,,133.0,,,1.0,AENA.BMEX,BMEX,2021-02-03T00:00:00
129.8,134.2,225979.0,,,134.2,,,1.0,AENA.BMEX,BMEX,2021-02-02T00:00:00
127.3,129.1,243478.0,,,129.1,,,1.0,AENA.BMEX,BMEX,2021-02-01T00:00:00
125.9,127.3,248792.0,,,127.3,,,1.0,AENA.BMEX,BMEX,2021-01-29T00:00:00
125.2,131.6,209184.0,,,131.6,,,1.0,AENA.BMEX,BMEX,2021-01-28T00:00:00
125.3,126.9,332745.0,,,126.9,,,1.0,AENA.BMEX,BMEX,2021-01-27T00:00:00
127.0,128.5,215687.0,,,128.5,,,1.0,AENA.BMEX,BMEX,2021-01-26T00:00:00
126.2,128.7,464117.0,,,128.7,,,1.0,AENA.BMEX,BMEX,2021-01-25T00:00:00
129.7,130.7,507478.0,,,130.7,,,1.0,AENA.BMEX,BMEX,2021-01-22T00:00:00
131.6,132.2,279223.0,,,132.2,,,1.0,AENA.BMEX,BMEX,2021-01-21T00:00:00
134.7,135.6,297830.0,,,135.6,,,1.0,AENA.BMEX,BMEX,2021-01-20T00:00:00
135.7,135.9,146261.0,,,135.9,,,1.0,AENA.BMEX,BMEX,2021-01-19T00:00:00
135.3,138.0,160725.0,,,138.0,,,1.0,AENA.BMEX,BMEX,2021-01-18T00:00:00
139.7,141.3,197134.0,,,141.3,,,1.0,AENA.BMEX,BMEX,2021-01-15T00:00:00
139.2,141.7,364694.0,,,141.7,,,1.0,AENA.BMEX,BMEX,2021-01-14T00:00:00
139.0,139.2,176545.0,,,139.2,,,1.0,AENA.BMEX,BMEX,2021-01-13T00:00:00
138.8,140.5,180816.0,,,140.5,,,1.0,AENA.BMEX,BMEX,2021-01-12T00:00:00
137.5,138.9,157964.0,,,138.9,,,1.0,AENA.BMEX,BMEX,2021-01-11T00:00:00
138.8,140.7,307940.0,,,140.7,,,1.0,AENA.BMEX,BMEX,2021-01-08T00:00:00
136.3,139.3,132215.0,,,139.3,,,1.0,AENA.BMEX,BMEX,2021-01-07T00:00:00
137.3,141.1,166494.0,,,141.1,,,1.0,AENA.BMEX,BMEX,2021-01-06T00:00:00
135.6,138.3,242269.0,,,138.3,,,1.0,AENA.BMEX,BMEX,2021-01-05T00:00:00
137.0,138.5,237612.0,,,138.5,,,1.0,AENA.BMEX,BMEX,2021-01-04T00:00:00
142.0,142.2,0.0,,,142.2,,,1.0,AENA.BMEX,BMEX,2020-12-31T00:00:00
142.3,143.8,90053.0,,,143.8,,,1.0,AENA.BMEX,BMEX,2020-12-30T00:00:00
142.2,143.7,181711.0,,,143.7,,,1.0,AENA.BMEX,BMEX,2020-12-29T00:00:00
138.6,142.2,100424.0,,,142.2,,,1.0,AENA.BMEX,BMEX,2020-12-28T00:00:00
137.8,138.6,0.0,,,138.6,,,1.0,AENA.BMEX,BMEX,2020-12-24T00:00:00
135.2,138.8,227589.0,,,138.8,,,1.0,AENA.BMEX,BMEX,2020-12-23T00:00:00
132.4,135.5,242237.0,,,135.5,,,1.0,AENA.BMEX,BMEX,2020-12-22T00:00:00
128.6,133.3,665357.0,,,133.3,,,1.0,AENA.BMEX,BMEX,2020-12-21T00:00:00
136.1,136.1,916056.0,,,136.1,,,1.0,AENA.BMEX,BMEX,2020-12-18T00:00:00
137.9,138.3,604484.0,,,138.3,,,1.0,AENA.BMEX,BMEX,2020-12-17T00:00:00
138.6,138.9,160563.0,,,138.9,,,1.0,AENA.BMEX,BMEX,2020-12-16T00:00:00
134.9,138.3,162438.0,,,138.3,,,1.0,AENA.BMEX,BMEX,2020-12-15T00:00:00
135.9,135.9,163679.0,,,135.9,,,1.0,AENA.BMEX,BMEX,2020-12-14T00:00:00
132.8,136.1,393814.0,,,136.1,,,1.0,AENA.BMEX,BMEX,2020-12-11T00:00:00
135.3,136.1,213871.0,,,136.1,,,1.0,AENA.BMEX,BMEX,2020-12-10T00:00:00
136.8,137.0,515499.0,,,137.0,,,1.0,AENA.BMEX,BMEX,2020-12-09T00:00:00
137.7,138.1,102680.0,,,138.1,,,1.0,AENA.BMEX,BMEX,2020-12-08T00:00:00
138.6,139.4,109877.0,,,139.4,,,1.0,AENA.BMEX,BMEX,2020-12-07T00:00:00
140.3,141.8,216067.0,,,141.8,,,1.0,AENA.BMEX,BMEX,2020-12-04T00:00:00
136.4,142.0,411813.0,,,142.0,,,1.0,AENA.BMEX,BMEX,2020-12-03T00:00:00
139.4,140.1,357907.0,,,140.1,,,1.0,AENA.BMEX,BMEX,2020-12-02T00:00:00
139.2,141.0,355500.0,,,141.0,,,1.0,AENA.BMEX,BMEX,2020-12-01T00:00:00
136.6,136.6,644715.0,,,136.6,,,1.0,AENA.BMEX,BMEX,2020-11-30T00:00:00
141.2,143.8,140956.0,,,143.8,,,1.0,AENA.BMEX,BMEX,2020-11-27T00:00:00
143.9,143.9,169897.0,,,143.9,,,1.0,AENA.BMEX,BMEX,2020-11-26T00:00:00
143.0,144.2,347760.0,,,144.2,,,1.0,AENA.BMEX,BMEX,2020-11-25T00:00:00
146.1,147.0,197264.0,,,147.0,,,1.0,AENA.BMEX,BMEX,2020-11-24T00:00:00
146.5,146.7,160298.0,,,146.7,,,1.0,AENA.BMEX,BMEX,2020-11-23T00:00:00
142.8,145.5,156619.0,,,145.5,,,1.0,AENA.BMEX,BMEX,2020-11-20T00:00:00
141.0,143.0,429217.0,,,143.0,,,1.0,AENA.BMEX,BMEX,2020-11-19T00:00:00
144.2,144.2,177785.0,,,144.2,,,1.0,AENA.BMEX,BMEX,2020-11-18T00:00:00
143.9,146.1,371124.0,,,146.1,,,1.0,AENA.BMEX,BMEX,2020-11-17T00:00:00
143.4,145.9,242772.0,,,145.9,,,1.0,AENA.BMEX,BMEX,2020-11-16T00:00:00
139.5,141.6,155815.0,,,141.6,,,1.0,AENA.BMEX,BMEX,2020-11-13T00:00:00
141.0,141.0,571399.0,,,141.0,,,1.0,AENA.BMEX,BMEX,2020-11-12T00:00:00
139.7,144.0,515631.0,,,144.0,,,1.0,AENA.BMEX,BMEX,2020-11-11T00:00:00
140.2,148.2,1012292.0,,,148.2,,,1.0,AENA.BMEX,BMEX,2020-11-10T00:00:00
124.7,141.2,566434.0,,,141.2,,,1.0,AENA.BMEX,BMEX,2020-11-09T00:00:00
122.5,122.9,121893.0,,,122.9,,,1.0,AENA.BMEX,BMEX,2020-11-06T00:00:00
125.1,125.1,168433.0,,,125.1,,,1.0,AENA.BMEX,BMEX,2020-11-05T00:00:00
120.1,124.9,634001.0,,,124.9,,,1.0,AENA.BMEX,BMEX,2020-11-04T00:00:00
120.9,123.4,198675.0,,,123.4,,,1.0,AENA.BMEX,BMEX,2020-11-03T00:00:00
113.0,120.0,215856.0,,,120.0,,,1.0,AENA.BMEX,BMEX,2020-11-02T00:00:00
111.3,115.6,230401.0,,,115.6,,,1.0,AENA.BMEX,BMEX,2020-10-30T00:00:00
111.1,114.2,198789.0,,,114.2,,,1.0,AENA.BMEX,BMEX,2020-10-29T00:00:00
111.7,114.3,389294.0,,,114.3,,,1.0,AENA.BMEX,BMEX,2020-10-28T00:00:00
118.8,118.8,251681.0,,,118.8,,,1.0,AENA.BMEX,BMEX,2020-10-27T00:00:00
120.6,120.9,121971.0,,,120.9,,,1.0,AENA.BMEX,BMEX,2020-10-26T00:00:00
122.3,125.4,472197.0,,,125.4,,,1.0,AENA.BMEX,BMEX,2020-10-23T00:00:00
119.0,122.6,130744.0,,,122.6,,,1.0,AENA.BMEX,BMEX,2020-10-22T00:00:00
120.5,121.4,173501.0,,,121.4,,,1.0,AENA.BMEX,BMEX,2020-10-21T00:00:00
118.9,126.0,314083.0,,,126.0,,,1.0,AENA.BMEX,BMEX,2020-10-20T00:00:00
117.5,120.6,192371.0,,,120.6,,,1.0,AENA.BMEX,BMEX,2020-10-19T00:00:00
115.8,116.4,187227.0,,,116.4,,,1.0,AENA.BMEX,BMEX,2020-10-16T00:00:00
116.6,119.0,171099.0,,,119.0,,,1.0,AENA.BMEX,BMEX,2020-10-15T00:00:00
114.9,120.8,270553.0,,,120.8,,,1.0,AENA.BMEX,BMEX,2020-10-14T00:00:00
116.7,116.7,185790.0,,,116.7,,,1.0,AENA.BMEX,BMEX,2020-10-13T00:00:00
120.0,120.7,107439.0,,,120.7,,,1.0,AENA.BMEX,BMEX,2020-10-12T00:00:00
119.6,120.6,188158.0,,,120.6,,,1.0,AENA.BMEX,BMEX,2020-10-09T00:00:00
120.9,120.9,125399.0,,,120.9,,,1.0,AENA.BMEX,BMEX,2020-10-08T00:00:00
119.8,120.2,124231.0,,,120.2,,,1.0,AENA.BMEX,BMEX,2020-10-07T00:00:00
119.0,122.6,163742.0,,,122.6,,,1.0,AENA.BMEX,BMEX,2020-10-06T00:00:00
117.5,118.8,118333.0,,,118.8,,,1.0,AENA.BMEX,BMEX,2020-10-05T00:00:00
113.9,116.5,167903.0,,,116.5,,,1.0,AENA.BMEX,BMEX,2020-10-02T00:00:00
115.5,116.1,217920.0,,,116.1,,,1.0,AENA.BMEX,BMEX,2020-10-01T00:00:00
115.4,119.3,338129.0,,,119.3,,,1.0,AENA.BMEX,BMEX,2020-09-30T00:00:00
115.8,117.2,124674.0,,,117.2,,,1.0,AENA.BMEX,BMEX,2020-09-29T00:00:00
115.5,118.3,581570.0,,,118.3,,,1.0,AENA.BMEX,BMEX,2020-09-28T00:00:00
112.4,115.6,512616.0,,,115.6,,,1.0,AENA.BMEX,BMEX,2020-09-25T00:00:00
111.7,114.2,223043.0,,,114.2,,,1.0,AENA.BMEX,BMEX,2020-09-24T00:00:00
113.2,114.3,211408.0,,,114.3,,,1.0,AENA.BMEX,BMEX,2020-09-23T00:00:00
111.6,113.9,301756.0,,,113.9,,,1.0,AENA.BMEX,BMEX,2020-09-22T00:00:00
110.9,113.0,210399.0,,,113.0,,,1.0,AENA.BMEX,BMEX,2020-09-21T00:00:00
117.3,119.1,421906.0,,,119.1,,,1.0,AENA.BMEX,BMEX,2020-09-18T00:00:00
118.0,123.0,173309.0,,,123.0,,,1.0,AENA.BMEX,BMEX,2020-09-17T00:00:00
119.4,121.0,366647.0,,,121.0,,,1.0,AENA.BMEX,BMEX,2020-09-16T00:00:00
120.5,122.5,214121.0,,,122.5,,,1.0,AENA.BMEX,BMEX,2020-09-15T00:00:00
120.5,120.9,127261.0,,,120.9,,,1.0,AENA.BMEX,BMEX,2020-09-14T00:00:00
120.0,121.3,166737.0,,,121.3,,,1.0,AENA.BMEX,BMEX,2020-09-11T00:00:00
122.7,123.5,108794.0,,,123.5,,,1.0,AENA.BMEX,BMEX,2020-09-10T00:00:00
123.2,124.0,130630.0,,,124.0,,,1.0,AENA.BMEX,BMEX,2020-09-09T00:00:00
123.2,125.2,228969.0,,,125.2,,,1.0,AENA.BMEX,BMEX,2020-09-08T00:00:00
126.1,127.5,177254.0,,,127.5,,,1.0,AENA.BMEX,BMEX,2020-09-07T00:00:00
126.0,126.1,250105.0,,,126.1,,,1.0,AENA.BMEX,BMEX,2020-09-04T00:00:00
128.4,129.0,242480.0,,,129.0,,,1.0,AENA.BMEX,BMEX,2020-09-03T00:00:00
126.7,127.8,180821.0,,,127.8,,,1.0,AENA.BMEX,BMEX,2020-09-02T00:00:00
123.8,126.6,161696.0,,,126.6,,,1.0,AENA.BMEX,BMEX,2020-09-01T00:00:00
125.1,125.1,231755.0,,,125.1,,,1.0,AENA.BMEX,BMEX,2020-08-31T00:00:00
123.0,128.8,181738.0,,,128.8,,,1.0,AENA.BMEX,BMEX,2020-08-28T00:00:00
122.5,124.2,418014.0,,,124.2,,,1.0,AENA.BMEX,BMEX,2020-08-27T00:00:00
121.3,124.2,133884.0,,,124.2,,,1.0,AENA.BMEX,BMEX,2020-08-26T00:00:00
122.5,122.5,139444.0,,,122.5,,,1.0,AENA.BMEX,BMEX,2020-08-25T00:00:00
119.4,122.0,91945.0,,,122.0,,,1.0,AENA.BMEX,BMEX,2020-08-24T00:00:00
116.2,118.6,179977.0,,,118.6,,,1.0,AENA.BMEX,BMEX,2020-08-21T00:00:00
115.9,116.9,96908.0,,,116.9,,,1.0,AENA.BMEX,BMEX,2020-08-20T00:00:00
116.5,118.0,96098.0,,,118.0,,,1.0,AENA.BMEX,BMEX,2020-08-19T00:00:00
114.9,117.9,311098.0,,,117.9,,,1.0,AENA.BMEX,BMEX,2020-08-18T00:00:00
114.9,115.3,272647.0,,,115.3,,,1.0,AENA.BMEX,BMEX,2020-08-17T00:00:00
117.6,120.0,140623.0,,,120.0,,,1.0,AENA.BMEX,BMEX,2020-08-14T00:00:00
121.2,121.2,183269.0,,,121.2,,,1.0,AENA.BMEX,BMEX,2020-08-13T00:00:00
122.0,122.8,116906.0,,,122.8,,,1.0,AENA.BMEX,BMEX,2020-08-12T00:00:00
118.7,123.6,582260.0,,,123.6,,,1.0,AENA.BMEX,BMEX,2020-08-11T00:00:00
115.9,117.9,72082.0,,,117.9,,,1.0,AENA.BMEX,BMEX,2020-08-10T00:00:00
115.4,116.0,129882.0,,,116.0,,,1.0,AENA.BMEX,BMEX,2020-08-07T00:00:00
116.1,118.5,336326.0,,,118.5,,,1.0,AENA.BMEX,BMEX,2020-08-06T00:00:00
116.2,118.1,184904.0,,,118.1,,,1.0,AENA.BMEX,BMEX,2020-08-05T00:00:00
113.2,115.7,534389.0,,,115.7,,,1.0,AENA.BMEX,BMEX,2020-08-04T00:00:00
108.5,112.9,284208.0,,,112.9,,,1.0,AENA.BMEX,BMEX,2020-08-03T00:00:00
110.1,110.3,265493.0,,,110.3,,,1.0,AENA.BMEX,BMEX,2020-07-31T00:00:00
112.9,113.9,208525.0,,,113.9,,,1.0,AENA.BMEX,BMEX,2020-07-30T00:00:00
112.9,115.3,1313189.0,,,115.3,,,1.0,AENA.BMEX,BMEX,2020-07-29T00:00:00
114.3,116.7,837711.0,,,116.7,,,1.0,AENA.BMEX,BMEX,2020-07-28T00:00:00
111.3,113.9,196420.0,,,113.9,,,1.0,AENA.BMEX,BMEX,2020-07-27T00:00:00
114.9,116.0,133146.0,,,116.0,,,1.0,AENA.BMEX,BMEX,2020-07-24T00:00:00
116.6,117.6,121546.0,,,117.6,,,1.0,AENA.BMEX,BMEX,2020-07-23T00:00:00
116.8,118.9,126770.0,,,118.9,,,1.0,AENA.BMEX,BMEX,2020-07-22T00:00:00
119.0,120.2,231330.0,,,120.2,,,1.0,AENA.BMEX,BMEX,2020-07-21T00:00:00
118.7,120.3,149678.0,,,120.3,,,1.0,AENA.BMEX,BMEX,2020-07-20T00:00:00
120.2,121.0,132859.0,,,121.0,,,1.0,AENA.BMEX,BMEX,2020-07-17T00:00:00
121.8,122.5,164685.0,,,122.5,,,1.0,AENA.BMEX,BMEX,2020-07-16T00:00:00
120.5,124.1,201756.0,,,124.1,,,1.0,AENA.BMEX,BMEX,2020-07-15T00:00:00
118.3,118.9,167441.0,,,118.9,,,1.0,AENA.BMEX,BMEX,2020-07-14T00:00:00
119.9,121.8,106715.0,,,121.8,,,1.0,AENA.BMEX,BMEX,2020-07-13T00:00:00
118.3,120.0,141269.0,,,120.0,,,1.0,AENA.BMEX,BMEX,2020-07-10T00:00:00
119.6,120.0,122438.0,,,120.0,,,1.0,AENA.BMEX,BMEX,2020-07-09T00:00:00
120.4,122.2,198366.0,,,122.2,,,1.0,AENA.BMEX,BMEX,2020-07-08T00:00:00
122.9,124.4,192765.0,,,124.4,,,1.0,AENA.BMEX,BMEX,2020-07-07T00:00:00
125.9,126.6,119205.0,,,126.6,,,1.0,AENA.BMEX,BMEX,2020-07-06T00:00:00
123.6,124.4,124594.0,,,124.4,,,1.0,AENA.BMEX,BMEX,2020-07-03T00:00:00
121.8,124.6,210585.0,,,124.6,,,1.0,AENA.BMEX,BMEX,2020-07-02T00:00:00
116.9,121.0,213347.0,,,121.0,,,1.0,AENA.BMEX,BMEX,2020-07-01T00:00:00
118.5,118.7,526510.0,,,118.7,,,1.0,AENA.BMEX,BMEX,2020-06-30T00:00:00
117.8,120.0,174540.0,,,120.0,,,1.0,AENA.BMEX,BMEX,2020-06-29T00:00:00
119.3,119.4,432547.0,,,119.4,,,1.0,AENA.BMEX,BMEX,2020-06-26T00:00:00
119.2,121.4,174649.0,,,121.4,,,1.0,AENA.BMEX,BMEX,2020-06-25T00:00:00
120.3,120.3,250772.0,,,120.3,,,1.0,AENA.BMEX,BMEX,2020-06-24T00:00:00
121.7,123.1,94643.0,,,123.1,,,1.0,AENA.BMEX,BMEX,2020-06-23T00:00:00
123.8,126.0,125716.0,,,126.0,,,1.0,AENA.BMEX,BMEX,2020-06-22T00:00:00
124.5,124.8,936743.0,,,124.8,,,1.0,AENA.BMEX,BMEX,2020-06-19T00:00:00
125.6,127.1,272406.0,,,127.1,,,1.0,AENA.BMEX,BMEX,2020-06-18T00:00:00
126.8,128.6,606337.0,,,128.6,,,1.0,AENA.BMEX,BMEX,2020-06-17T00:00:00
125.9,127.4,225034.0,,,127.4,,,1.0,AENA.BMEX,BMEX,2020-06-16T00:00:00
119.9,125.6,569212.0,,,125.6,,,1.0,AENA.BMEX,BMEX,2020-06-15T00:00:00
122.5,124.0,688858.0,,,124.0,,,1.0,AENA.BMEX,BMEX,2020-06-12T00:00:00
123.2,123.8,1317783.0,,,123.8,,,1.0,AENA.BMEX,BMEX,2020-06-11T00:00:00
130.9,131.5,306452.0,,,131.5,,,1.0,AENA.BMEX,BMEX,2020-06-10T00:00:00
133.7,135.3,359147.0,,,135.3,,,1.0,AENA.BMEX,BMEX,2020-06-09T00:00:00
139.1,140.6,254018.0,,,140.6,,,1.0,AENA.BMEX,BMEX,2020-06-08T00:00:00
137.6,143.6,328794.0,,,143.6,,,1.0,AENA.BMEX,BMEX,2020-06-05T00:00:00
136.7,137.2,370799.0,,,137.2,,,1.0,AENA.BMEX,BMEX,2020-06-04T00:00:00
136.3,144.7,383480.0,,,144.7,,,1.0,AENA.BMEX,BMEX,2020-06-03T00:00:00
131.7,137.0,324780.0,,,137.0,,,1.0,AENA.BMEX,BMEX,2020-06-02T00:00:00
129.1,131.4,133106.0,,,131.4,,,1.0,AENA.BMEX,BMEX,2020-06-01T00:00:00
127.8,128.2,442134.0,,,128.2,,,1.0,AENA.BMEX,BMEX,2020-05-29T00:00:00
129.8,132.0,281205.0,,,132.0,,,1.0,AENA.BMEX,BMEX,2020-05-28T00:00:00
129.3,133.5,549198.0,,,133.5,,,1.0,AENA.BMEX,BMEX,2020-05-27T00:00:00
122.7,128.5,258254.0,,,128.5,,,1.0,AENA.BMEX,BMEX,2020-05-26T00:00:00
118.6,121.8,185960.0,,,121.8,,,1.0,AENA.BMEX,BMEX,2020-05-25T00:00:00
112.2,116.1,357040.0,,,116.1,,,1.0,AENA.BMEX,BMEX,2020-05-22T00:00:00
110.5,114.4,234511.0,,,114.4,,,1.0,AENA.BMEX,BMEX,2020-05-21T00:00:00
109.2,112.1,222838.0,,,112.1,,,1.0,AENA.BMEX,BMEX,2020-05-20T00:00:00
108.6,112.0,315729.0,,,112.0,,,1.0,AENA.BMEX,BMEX,2020-05-19T00:00:00
105.3,112.2,278544.0,,,112.2,,,1.0,AENA.BMEX,BMEX,2020-05-18T00:00:00
103.5,104.2,258449.0,,,104.2,,,1.0,AENA.BMEX,BMEX,2020-05-15T00:00:00
99.25,102.8,398952.0,,,102.8,,,1.0,AENA.BMEX,BMEX,2020-05-14T00:00:00
102.0,102.0,167299.0,,,102.0,,,1.0,AENA.BMEX,BMEX,2020-05-13T00:00:00
104.6,104.6,196177.0,,,104.6,,,1.0,AENA.BMEX,BMEX,2020-05-12T00:00:00
105.2,105.7,373175.0,,,105.7,,,1.0,AENA.BMEX,BMEX,2020-05-11T00:00:00
107.1,107.9,131462.0,,,107.9,,,1.0,AENA.BMEX,BMEX,2020-05-08T00:00:00
107.8,108.9,128093.0,,,108.9,,,1.0,AENA.BMEX,BMEX,2020-05-07T00:00:00
106.1,108.3,317570.0,,,108.3,,,1.0,AENA.BMEX,BMEX,2020-05-06T00:00:00
108.2,108.6,580751.0,,,108.6,,,1.0,AENA.BMEX,BMEX,2020-05-05T00:00:00
109.5,109.5,256577.0,,,109.5,,,1.0,AENA.BMEX,BMEX,2020-05-04T00:00:00
114.0,115.5,206316.0,,,115.5,,,1.0,AENA.BMEX,BMEX,2020-04-30T00:00:00
111.1,114.4,207316.0,,,114.4,,,1.0,AENA.BMEX,BMEX,2020-04-29T00:00:00
111.4,115.9,238475.0,,,115.9,,,1.0,AENA.BMEX,BMEX,2020-04-28T00:00:00
112.5,114.8,151474.0,,,114.8,,,1.0,AENA.BMEX,BMEX,2020-04-27T00:00:00
112.9,113.6,285241.0,,,113.6,,,1.0,AENA.BMEX,BMEX,2020-04-24T00:00:00
113.4,115.8,131595.0,,,115.8,,,1.0,AENA.BMEX,BMEX,2020-04-23T00:00:00
110.7,113.9,150063.0,,,113.9,,,1.0,AENA.BMEX,BMEX,2020-04-22T00:00:00
112.1,112.1,315453.0,,,112.1,,,1.0,AENA.BMEX,BMEX,2020-04-21T00:00:00
116.7,118.5,171516.0,,,118.5,,,1.0,AENA.BMEX,BMEX,2020-04-20T00:00:00
122.4,122.4,207043.0,,,122.4,,,1.0,AENA.BMEX,BMEX,2020-04-17T00:00:00
121.5,121.5,256416.0,,,121.5,,,1.0,AENA.BMEX,BMEX,2020-04-16T00:00:00
119.2,120.2,316527.0,,,120.2,,,1.0,AENA.BMEX,BMEX,2020-04-15T00:00:00
122.3,125.0,471239.0,,,125.0,,,1.0,AENA.BMEX,BMEX,2020-04-14T00:00:00
118.0,121.5,449733.0,,,121.5,,,1.0,AENA.BMEX,BMEX,2020-04-09T00:00:00
111.9,114.8,210482.0,,,1086602,,,1.0,AENA.BMEX,BMEX,2020-04-08T00:00:00
111.3,114.9,391277.0,,,1087549,,,1.0,AENA.BMEX,BMEX,2020-04-07T00:00:00
106.0,109.9,340494.0,,,1040223,,,1.0,AENA.BMEX,BMEX,2020-04-06T00:00:00
100.0,102.5,230118.0,,,97018,,,1.0,AENA.BMEX,BMEX,2020-04-03T00:00:00
98.5,100.5,281448.0,,,95125,,,1.0,AENA.BMEX,BMEX,2020-04-02T00:00:00
98.0,98.0,588146.0,,,927587,,,1.0,AENA.BMEX,BMEX,2020-04-01T00:00:00
97.86,99.52,666413.0,,,941974,,,1.0,AENA.BMEX,BMEX,2020-03-31T00:00:00
100.15,100.3,711241.0,,,949357,,,1.0,AENA.BMEX,BMEX,2020-03-30T00:00:00
105.85,105.85,256253.0,,,1001889,,,1.0,AENA.BMEX,BMEX,2020-03-27T00:00:00
108.25,113.6,160328.0,,,1075244,,,1.0,AENA.BMEX,BMEX,2020-03-26T00:00:00
102.0,110.05,283372.0,,,1041642,,,1.0,AENA.BMEX,BMEX,2020-03-25T00:00:00
99.12,106.7,348752.0,,,1009934,,,1.0,AENA.BMEX,BMEX,2020-03-24T00:00:00
101.9,102.15,420257.0,,,966868,,,1.0,AENA.BMEX,BMEX,2020-03-23T00:00:00
112.8,126.0,596659.0,,,1192612,,,1.0,AENA.BMEX,BMEX,2020-03-20T00:00:00
100.35,105.3,496021.0,,,996683,,,1.0,AENA.BMEX,BMEX,2020-03-19T00:00:00
96.3,106.25,510032.0,,,1005675,,,1.0,AENA.BMEX,BMEX,2020-03-18T00:00:00
89.5,98.54,483509.0,,,932698,,,1.0,AENA.BMEX,BMEX,2020-03-17T00:00:00
90.04,91.9,732654.0,,,86985,,,1.0,AENA.BMEX,BMEX,2020-03-16T00:00:00
106.4,108.15,642585.0,,,1023659,,,1.0,AENA.BMEX,BMEX,2020-03-13T00:00:00
103.6,103.75,734941.0,,,982012,,,1.0,AENA.BMEX,BMEX,2020-03-12T00:00:00
120.3,122.55,586529.0,,,1159957,,,1.0,AENA.BMEX,BMEX,2020-03-11T00:00:00
122.15,122.15,387161.0,,,1156171,,,1.0,AENA.BMEX,BMEX,2020-03-10T00:00:00
126.05,126.9,632015.0,,,1201131,,,1.0,AENA.BMEX,BMEX,2020-03-09T00:00:00
134.4,135.85,319776.0,,,1285844,,,1.0,AENA.BMEX,BMEX,2020-03-06T00:00:00
141.95,142.95,251580.0,,,1353047,,,1.0,AENA.BMEX,BMEX,2020-03-05T00:00:00
142.35,145.15,248997.0,,,137387,,,1.0,AENA.BMEX,BMEX,2020-03-04T00:00:00
142.1,143.0,612497.0,,,135352,,,1.0,AENA.BMEX,BMEX,2020-03-03T00:00:00
140.0,142.25,355621.0,,,1346421,,,1.0,AENA.BMEX,BMEX,2020-03-02T00:00:00
143.5,145.0,515154.0,,,137245,,,1.0,AENA.BMEX,BMEX,2020-02-28T00:00:00
148.5,150.75,322955.0,,,1426875,,,1.0,AENA.BMEX,BMEX,2020-02-27T00:00:00
149.35,154.0,463531.0,,,1457637,,,1.0,AENA.BMEX,BMEX,2020-02-26T00:00:00
155.1,155.1,328744.0,,,1468049,,,1.0,AENA.BMEX,BMEX,2020-02-25T00:00:00
157.65,158.45,383467.0,,,1499757,,,1.0,AENA.BMEX,BMEX,2020-02-24T00:00:00
166.95,167.6,136802.0,,,1586363,,,1.0,AENA.BMEX,BMEX,2020-02-21T00:00:00
167.35,167.95,114754.0,,,1589676,,,1.0,AENA.BMEX,BMEX,2020-02-20T00:00:00
168.25,169.45,97392.0,,,1603874,,,1.0,AENA.BMEX,BMEX,2020-02-19T00:00:00
166.7,168.15,80750.0,,,1591569,,,1.0,AENA.BMEX,BMEX,2020-02-18T00:00:00
167.6,167.85,67224.0,,,1588729,,,1.0,AENA.BMEX,BMEX,2020-02-17T00:00:00
166.4,168.35,112465.0,,,1593462,,,1.0,AENA.BMEX,BMEX,2020-02-14T00:00:00
165.65,166.5,181574.0,,,1575952,,,1.0,AENA.BMEX,BMEX,2020-02-13T00:00:00
168.15,168.7,95462.0,,,1596775,,,1.0,AENA.BMEX,BMEX,2020-02-12T00:00:00
168.65,169.0,123420.0,,,1599614,,,1.0,AENA.BMEX,BMEX,2020-02-11T00:00:00
168.2,168.55,144217.0,,,1595355,,,1.0,AENA.BMEX,BMEX,2020-02-10T00:00:00
168.55,169.15,356669.0,,,1601034,,,1.0,AENA.BMEX,BMEX,2020-02-07T00:00:00
169.5,170.0,193294.0,,,160908,,,1.0,AENA.BMEX,BMEX,2020-02-06T00:00:00
168.6,171.1,196985.0,,,1619491,,,1.0,AENA.BMEX,BMEX,2020-02-05T00:00:00
168.65,169.0,98989.0,,,1599614,,,1.0,AENA.BMEX,BMEX,2020-02-04T00:00:00
166.85,168.5,163586.0,,,1594882,,,1.0,AENA.BMEX,BMEX,2020-02-03T00:00:00
166.25,167.15,161503.0,,,1582104,,,1.0,AENA.BMEX,BMEX,2020-01-31T00:00:00
166.65,167.4,185789.0,,,158447,,,1.0,AENA.BMEX,BMEX,2020-01-30T00:00:00
166.25,167.4,1125399.0,,,158447,,,1.0,AENA.BMEX,BMEX,2020-01-29T00:00:00
164.9,167.15,162209.0,,,1582104,,,1.0,AENA.BMEX,BMEX,2020-01-28T00:00:00
165.45,165.5,110583.0,,,1566486,,,1.0,AENA.BMEX,BMEX,2020-01-27T00:00:00
168.5,168.5,160864.0,,,1594882,,,1.0,AENA.BMEX,BMEX,2020-01-24T00:00:00
166.6,168.5,149511.0,,,1594882,,,1.0,AENA.BMEX,BMEX,2020-01-23T00:00:00
169.7,169.75,100217.0,,,1606713,,,1.0,AENA.BMEX,BMEX,2020-01-22T00:00:00
169.65,170.0,120134.0,,,160908,,,1.0,AENA.BMEX,BMEX,2020-01-21T00:00:00
172.1,173.05,81151.0,,,1637948,,,1.0,AENA.BMEX,BMEX,2020-01-20T00:00:00
172.95,172.95,139511.0,,,1637002,,,1.0,AENA.BMEX,BMEX,2020-01-17T00:00:00
173.45,174.5,84222.0,,,1651673,,,1.0,AENA.BMEX,BMEX,2020-01-16T00:00:00
172.9,174.1,100699.0,,,1647887,,,1.0,AENA.BMEX,BMEX,2020-01-15T00:00:00
171.85,174.1,513747.0,,,1647887,,,1.0,AENA.BMEX,BMEX,2020-01-14T00:00:00
170.3,172.0,92006.0,,,162801,,,1.0,AENA.BMEX,BMEX,2020-01-13T00:00:00
170.8,171.6,160509.0,,,1624224,,,1.0,AENA.BMEX,BMEX,2020-01-10T00:00:00
168.5,170.0,486846.0,,,160908,,,1.0,AENA.BMEX,BMEX,2020-01-09T00:00:00
167.5,168.6,132555.0,,,1595828,,,1.0,AENA.BMEX,BMEX,2020-01-08T00:00:00
167.9,168.25,233436.0,,,1592516,,,1.0,AENA.BMEX,BMEX,2020-01-07T00:00:00
167.25,169.0,78239.0,,,1599614,,,1.0,AENA.BMEX,BMEX,2020-01-06T00:00:00
168.45,170.1,107824.0,,,1610026,,,1.0,AENA.BMEX,BMEX,2020-01-03T00:00:00
170.2,171.3,94143.0,,,1621384,,,1.0,AENA.BMEX,BMEX,2020-01-02T00:00:00
170.5,170.5,73393.0,,,1613812,,,1.0,AENA.BMEX,BMEX,2019-12-31T00:00:00
173.05,173.05,59692.0,,,1637948,,,1.0,AENA.BMEX,BMEX,2019-12-30T00:00:00
173.8,175.05,99094.0,,,1656879,,,1.0,AENA.BMEX,BMEX,2019-12-27T00:00:00
172.75,173.85,28263.0,,,1645521,,,1.0,AENA.BMEX,BMEX,2019-12-24T00:00:00
171.0,173.35,96654.0,,,1640788,,,1.0,AENA.BMEX,BMEX,2019-12-23T00:00:00
170.7,172.1,333138.0,,,1628956,,,1.0,AENA.BMEX,BMEX,2019-12-20T00:00:00
171.25,171.25,136484.0,,,1620911,,,1.0,AENA.BMEX,BMEX,2019-12-19T00:00:00
174.0,174.4,200732.0,,,1650726,,,1.0,AENA.BMEX,BMEX,2019-12-18T00:00:00
174.0,175.0,199757.0,,,1656405,,,1.0,AENA.BMEX,BMEX,2019-12-17T00:00:00
174.1,174.5,378546.0,,,1651673,,,1.0,AENA.BMEX,BMEX,2019-12-16T00:00:00
172.95,174.95,254505.0,,,1655932,,,1.0,AENA.BMEX,BMEX,2019-12-13T00:00:00
170.2,171.4,346028.0,,,1622331,,,1.0,AENA.BMEX,BMEX,2019-12-12T00:00:00
166.2,170.25,199446.0,,,1611446,,,1.0,AENA.BMEX,BMEX,2019-12-11T00:00:00
164.45,166.35,789906.0,,,1574532,,,1.0,AENA.BMEX,BMEX,2019-12-10T00:00:00
165.4,166.3,86270.0,,,1574058,,,1.0,AENA.BMEX,BMEX,2019-12-09T00:00:00
163.15,165.6,98974.0,,,1567433,,,1.0,AENA.BMEX,BMEX,2019-12-06T00:00:00
162.85,163.5,559912.0,,,1547556,,,1.0,AENA.BMEX,BMEX,2019-12-05T00:00:00
163.4,164.55,173979.0,,,1557494,,,1.0,AENA.BMEX,BMEX,2019-12-04T00:00:00
162.35,163.0,167831.0,,,1542823,,,1.0,AENA.BMEX,BMEX,2019-12-03T00:00:00
163.0,163.35,148562.0,,,1546136,,,1.0,AENA.BMEX,BMEX,2019-12-02T00:00:00
166.25,166.7,234224.0,,,1577845,,,1.0,AENA.BMEX,BMEX,2019-11-29T00:00:00
167.05,167.6,58728.0,,,1586363,,,1.0,AENA.BMEX,BMEX,2019-11-28T00:00:00
168.1,169.0,126107.0,,,1599614,,,1.0,AENA.BMEX,BMEX,2019-11-27T00:00:00
166.8,168.95,522109.0,,,1599141,,,1.0,AENA.BMEX,BMEX,2019-11-26T00:00:00
166.45,166.5,101138.0,,,1575952,,,1.0,AENA.BMEX,BMEX,2019-11-25T00:00:00
165.65,166.3,123779.0,,,1574058,,,1.0,AENA.BMEX,BMEX,2019-11-22T00:00:00
165.4,165.7,135611.0,,,1568379,,,1.0,AENA.BMEX,BMEX,2019-11-21T00:00:00
166.65,167.5,125495.0,,,1585417,,,1.0,AENA.BMEX,BMEX,2019-11-20T00:00:00
167.4,168.35,106097.0,,,1593462,,,1.0,AENA.BMEX,BMEX,2019-11-19T00:00:00
165.35,167.15,127675.0,,,1582104,,,1.0,AENA.BMEX,BMEX,2019-11-18T00:00:00
163.75,166.6,162959.0,,,1576898,,,1.0,AENA.BMEX,BMEX,2019-11-15T00:00:00
162.5,162.95,108987.0,,,154235,,,1.0,AENA.BMEX,BMEX,2019-11-14T00:00:00
161.85,163.35,166501.0,,,1546136,,,1.0,AENA.BMEX,BMEX,2019-11-13T00:00:00
165.7,165.9,293542.0,,,1570272,,,1.0,AENA.BMEX,BMEX,2019-11-12T00:00:00
167.2,168.5,173135.0,,,1594882,,,1.0,AENA.BMEX,BMEX,2019-11-11T00:00:00
166.75,167.5,96813.0,,,1585417,,,1.0,AENA.BMEX,BMEX,2019-11-08T00:00:00
166.35,167.8,99905.0,,,1588256,,,1.0,AENA.BMEX,BMEX,2019-11-07T00:00:00
166.25,166.4,142536.0,,,1575005,,,1.0,AENA.BMEX,BMEX,2019-11-06T00:00:00
166.15,167.4,238917.0,,,158447,,,1.0,AENA.BMEX,BMEX,2019-11-05T00:00:00
166.55,167.65,202032.0,,,1586836,,,1.0,AENA.BMEX,BMEX,2019-11-04T00:00:00
164.85,167.4,148996.0,,,158447,,,1.0,AENA.BMEX,BMEX,2019-11-01T00:00:00
163.15,164.5,172975.0,,,1557021,,,1.0,AENA.BMEX,BMEX,2019-10-31T00:00:00
163.25,164.0,226632.0,,,1552289,,,1.0,AENA.BMEX,BMEX,2019-10-30T00:00:00
166.25,168.0,186524.0,,,1590149,,,1.0,AENA.BMEX,BMEX,2019-10-29T00:00:00
163.5,166.8,176834.0,,,1578791,,,1.0,AENA.BMEX,BMEX,2019-10-28T00:00:00
163.7,165.0,91605.0,,,1561754,,,1.0,AENA.BMEX,BMEX,2019-10-25T00:00:00
162.45,164.1,152215.0,,,1553235,,,1.0,AENA.BMEX,BMEX,2019-10-24T00:00:00
164.25,164.65,189065.0,,,1558441,,,1.0,AENA.BMEX,BMEX,2019-10-23T00:00:00
167.0,167.4,146196.0,,,158447,,,1.0,AENA.BMEX,BMEX,2019-10-22T00:00:00
166.05,167.7,125533.0,,,158731,,,1.0,AENA.BMEX,BMEX,2019-10-21T00:00:00
167.5,167.95,169310.0,,,1589676,,,1.0,AENA.BMEX,BMEX,2019-10-18T00:00:00
167.2,171.0,332590.0,,,1618545,,,1.0,AENA.BMEX,BMEX,2019-10-17T00:00:00
167.5,167.5,115773.0,,,1585417,,,1.0,AENA.BMEX,BMEX,2019-10-16T00:00:00
167.75,168.65,341250.0,,,1596302,,,1.0,AENA.BMEX,BMEX,2019-10-15T00:00:00
167.25,167.95,87335.0,,,1589676,,,1.0,AENA.BMEX,BMEX,2019-10-14T00:00:00
167.0,168.75,145007.0,,,1597248,,,1.0,AENA.BMEX,BMEX,2019-10-11T00:00:00
165.0,167.15,93397.0,,,1582104,,,1.0,AENA.BMEX,BMEX,2019-10-10T00:00:00
164.45,166.4,206957.0,,,1575005,,,1.0,AENA.BMEX,BMEX,2019-10-09T00:00:00
163.75,164.45,141836.0,,,1556548,,,1.0,AENA.BMEX,BMEX,2019-10-08T00:00:00
164.25,165.55,115028.0,,,156696,,,1.0,AENA.BMEX,BMEX,2019-10-07T00:00:00
164.8,166.7,186058.0,,,1577845,,,1.0,AENA.BMEX,BMEX,2019-10-04T00:00:00
165.1,165.85,131507.0,,,1569799,,,1.0,AENA.BMEX,BMEX,2019-10-03T00:00:00
166.15,166.5,273061.0,,,1575952,,,1.0,AENA.BMEX,BMEX,2019-10-02T00:00:00
167.95,169.35,240946.0,,,1602927,,,1.0,AENA.BMEX,BMEX,2019-10-01T00:00:00
167.0,168.0,194437.0,,,1590149,,,1.0,AENA.BMEX,BMEX,2019-09-30T00:00:00
165.8,167.1,155616.0,,,1581631,,,1.0,AENA.BMEX,BMEX,2019-09-27T00:00:00
163.55,165.45,168489.0,,,1566013,,,1.0,AENA.BMEX,BMEX,2019-09-26T00:00:00
162.95,165.05,203636.0,,,1562227,,,1.0,AENA.BMEX,BMEX,2019-09-25T00:00:00
161.6,164.15,142063.0,,,1553708,,,1.0,AENA.BMEX,BMEX,2019-09-24T00:00:00
161.55,161.85,96583.0,,,1531938,,,1.0,AENA.BMEX,BMEX,2019-09-23T00:00:00
163.05,163.95,284113.0,,,1551815,,,1.0,AENA.BMEX,BMEX,2019-09-20T00:00:00
163.25,163.45,239804.0,,,1547083,,,1.0,AENA.BMEX,BMEX,2019-09-19T00:00:00
161.55,163.5,200299.0,,,1547556,,,1.0,AENA.BMEX,BMEX,2019-09-18T00:00:00
160.85,162.15,175344.0,,,1534778,,,1.0,AENA.BMEX,BMEX,2019-09-17T00:00:00
161.3,161.3,416014.0,,,1526733,,,1.0,AENA.BMEX,BMEX,2019-09-16T00:00:00
163.8,164.4,113764.0,,,1556075,,,1.0,AENA.BMEX,BMEX,2019-09-13T00:00:00
165.25,165.85,166882.0,,,1569799,,,1.0,AENA.BMEX,BMEX,2019-09-12T00:00:00
164.3,166.0,142779.0,,,1571219,,,1.0,AENA.BMEX,BMEX,2019-09-11T00:00:00
163.0,166.0,173052.0,,,1571219,,,1.0,AENA.BMEX,BMEX,2019-09-10T00:00:00
164.25,164.55,112974.0,,,1557494,,,1.0,AENA.BMEX,BMEX,2019-09-09T00:00:00
166.35,167.2,80872.0,,,1582577,,,1.0,AENA.BMEX,BMEX,2019-09-06T00:00:00
166.2,167.1,92901.0,,,1581631,,,1.0,AENA.BMEX,BMEX,2019-09-05T00:00:00
165.85,165.85,93895.0,,,1569799,,,1.0,AENA.BMEX,BMEX,2019-09-04T00:00:00
164.4,165.3,132792.0,,,1564593,,,1.0,AENA.BMEX,BMEX,2019-09-03T00:00:00
163.95,165.45,327117.0,,,1566013,,,1.0,AENA.BMEX,BMEX,2019-09-02T00:00:00
163.75,164.0,128579.0,,,1552289,,,1.0,AENA.BMEX,BMEX,2019-08-30T00:00:00
163.2,164.05,121794.0,,,1552762,,,1.0,AENA.BMEX,BMEX,2019-08-29T00:00:00
162.35,163.4,123599.0,,,1546609,,,1.0,AENA.BMEX,BMEX,2019-08-28T00:00:00
161.55,164.25,186891.0,,,1554655,,,1.0,AENA.BMEX,BMEX,2019-08-27T00:00:00
160.3,162.5,59114.0,,,1538091,,,1.0,AENA.BMEX,BMEX,2019-08-26T00:00:00
161.4,161.4,227797.0,,,1527679,,,1.0,AENA.BMEX,BMEX,2019-08-23T00:00:00
161.8,162.65,181506.0,,,1539511,,,1.0,AENA.BMEX,BMEX,2019-08-22T00:00:00
162.75,163.5,93667.0,,,1547556,,,1.0,AENA.BMEX,BMEX,2019-08-21T00:00:00
162.4,162.4,77653.0,,,1537144,,,1.0,AENA.BMEX,BMEX,2019-08-20T00:00:00
162.75,163.9,122529.0,,,1551342,,,1.0,AENA.BMEX,BMEX,2019-08-19T00:00:00
161.2,162.85,141149.0,,,1541404,,,1.0,AENA.BMEX,BMEX,2019-08-16T00:00:00
160.4,161.2,212921.0,,,1525786,,,1.0,AENA.BMEX,BMEX,2019-08-15T00:00:00
160.2,160.7,392308.0,,,1521053,,,1.0,AENA.BMEX,BMEX,2019-08-14T00:00:00
161.7,161.75,193932.0,,,1530992,,,1.0,AENA.BMEX,BMEX,2019-08-13T00:00:00
162.25,164.3,177882.0,,,1555128,,,1.0,AENA.BMEX,BMEX,2019-08-12T00:00:00
162.35,162.85,231756.0,,,1541404,,,1.0,AENA.BMEX,BMEX,2019-08-09T00:00:00
161.2,163.85,132920.0,,,1550869,,,1.0,AENA.BMEX,BMEX,2019-08-08T00:00:00
161.15,162.4,218279.0,,,1537144,,,1.0,AENA.BMEX,BMEX,2019-08-07T00:00:00
160.9,161.0,142170.0,,,1523893,,,1.0,AENA.BMEX,BMEX,2019-08-06T00:00:00
160.95,161.05,165645.0,,,1524366,,,1.0,AENA.BMEX,BMEX,2019-08-05T00:00:00
164.9,164.95,199930.0,,,156128,,,1.0,AENA.BMEX,BMEX,2019-08-02T00:00:00
162.65,167.45,213638.0,,,1584943,,,1.0,AENA.BMEX,BMEX,2019-08-01T00:00:00
163.85,164.1,310651.0,,,1553235,,,1.0,AENA.BMEX,BMEX,2019-07-31T00:00:00
168.65,169.6,463216.0,,,1605294,,,1.0,AENA.BMEX,BMEX,2019-07-30T00:00:00
170.6,171.4,328553.0,,,1622331,,,1.0,AENA.BMEX,BMEX,2019-07-29T00:00:00
170.45,171.0,191399.0,,,1618545,,,1.0,AENA.BMEX,BMEX,2019-07-26T00:00:00
171.45,171.45,165094.0,,,1622804,,,1.0,AENA.BMEX,BMEX,2019-07-25T00:00:00
173.1,174.0,120613.0,,,164694,,,1.0,AENA.BMEX,BMEX,2019-07-24T00:00:00
173.8,174.35,161697.0,,,1650253,,,1.0,AENA.BMEX,BMEX,2019-07-23T00:00:00
172.2,174.0,106906.0,,,164694,,,1.0,AENA.BMEX,BMEX,2019-07-22T00:00:00
173.4,173.5,141165.0,,,1642208,,,1.0,AENA.BMEX,BMEX,2019-07-19T00:00:00
172.85,174.1,199333.0,,,1647887,,,1.0,AENA.BMEX,BMEX,2019-07-18T00:00:00
174.8,175.6,174104.0,,,1662085,,,1.0,AENA.BMEX,BMEX,2019-07-17T00:00:00
174.25,175.55,145263.0,,,1661611,,,1.0,AENA.BMEX,BMEX,2019-07-16T00:00:00
172.95,175.0,113631.0,,,1656405,,,1.0,AENA.BMEX,BMEX,2019-07-15T00:00:00
171.95,173.2,162422.0,,,1639368,,,1.0,AENA.BMEX,BMEX,2019-07-12T00:00:00
171.35,171.95,138300.0,,,1627537,,,1.0,AENA.BMEX,BMEX,2019-07-11T00:00:00
172.35,173.1,143663.0,,,1638422,,,1.0,AENA.BMEX,BMEX,2019-07-10T00:00:00
172.8,173.8,136897.0,,,1645047,,,1.0,AENA.BMEX,BMEX,2019-07-09T00:00:00
173.15,173.5,140033.0,,,1642208,,,1.0,AENA.BMEX,BMEX,2019-07-08T00:00:00
172.5,173.35,160522.0,,,1640788,,,1.0,AENA.BMEX,BMEX,2019-07-05T00:00:00
177.0,177.55,240062.0,,,1680542,,,1.0,AENA.BMEX,BMEX,2019-07-04T00:00:00
176.85,177.15,134073.0,,,1676756,,,1.0,AENA.BMEX,BMEX,2019-07-03T00:00:00
175.75,176.25,185151.0,,,1668237,,,1.0,AENA.BMEX,BMEX,2019-07-02T00:00:00
174.3,174.6,350260.0,,,1652619,,,1.0,AENA.BMEX,BMEX,2019-07-01T00:00:00
172.35,174.3,182196.0,,,164978,,,1.0,AENA.BMEX,BMEX,2019-06-28T00:00:00
171.75,172.05,372942.0,,,1628483,,,1.0,AENA.BMEX,BMEX,2019-06-27T00:00:00
171.25,172.65,312290.0,,,1634162,,,1.0,AENA.BMEX,BMEX,2019-06-26T00:00:00
175.85,177.3,145770.0,,,1678175,,,1.0,AENA.BMEX,BMEX,2019-06-25T00:00:00
175.6,177.35,187741.0,,,1678649,,,1.0,AENA.BMEX,BMEX,2019-06-24T00:00:00
174.75,175.1,500680.0,,,1657352,,,1.0,AENA.BMEX,BMEX,2019-06-21T00:00:00
176.05,176.5,239421.0,,,1670603,,,1.0,AENA.BMEX,BMEX,2019-06-20T00:00:00
177.85,178.05,127424.0,,,1685274,,,1.0,AENA.BMEX,BMEX,2019-06-19T00:00:00
172.7,177.6,297550.0,,,1681015,,,1.0,AENA.BMEX,BMEX,2019-06-18T00:00:00
172.85,172.95,139406.0,,,1637002,,,1.0,AENA.BMEX,BMEX,2019-06-17T00:00:00
173.1,173.2,159816.0,,,1639368,,,1.0,AENA.BMEX,BMEX,2019-06-14T00:00:00
173.9,174.5,147357.0,,,1651673,,,1.0,AENA.BMEX,BMEX,2019-06-13T00:00:00
172.65,174.9,307238.0,,,1655459,,,1.0,AENA.BMEX,BMEX,2019-06-12T00:00:00
172.8,173.5,528898.0,,,1642208,,,1.0,AENA.BMEX,BMEX,2019-06-11T00:00:00
172.3,172.7,60694.0,,,1634636,,,1.0,AENA.BMEX,BMEX,2019-06-10T00:00:00
170.4,172.5,197946.0,,,1632743,,,1.0,AENA.BMEX,BMEX,2019-06-07T00:00:00
169.4,170.65,218826.0,,,1615232,,,1.0,AENA.BMEX,BMEX,2019-06-06T00:00:00
167.0,169.75,1069140.0,,,1606713,,,1.0,AENA.BMEX,BMEX,2019-06-05T00:00:00
165.8,166.5,184066.0,,,1575952,,,1.0,AENA.BMEX,BMEX,2019-06-04T00:00:00
163.95,166.95,230994.0,,,1580211,,,1.0,AENA.BMEX,BMEX,2019-06-03T00:00:00
164.25,164.9,146264.0,,,1560807,,,1.0,AENA.BMEX,BMEX,2019-05-31T00:00:00
164.95,167.3,74614.0,,,1583524,,,1.0,AENA.BMEX,BMEX,2019-05-30T00:00:00
164.95,165.15,150063.0,,,1563174,,,1.0,AENA.BMEX,BMEX,2019-05-29T00:00:00
165.75,167.6,225939.0,,,1586363,,,1.0,AENA.BMEX,BMEX,2019-05-28T00:00:00
167.05,167.2,47181.0,,,1582577,,,1.0,AENA.BMEX,BMEX,2019-05-27T00:00:00
166.1,167.1,133738.0,,,1581631,,,1.0,AENA.BMEX,BMEX,2019-05-24T00:00:00
165.55,165.75,318190.0,,,1568853,,,1.0,AENA.BMEX,BMEX,2019-05-23T00:00:00
166.5,168.0,197730.0,,,1590149,,,1.0,AENA.BMEX,BMEX,2019-05-22T00:00:00
164.95,167.75,113372.0,,,1587783,,,1.0,AENA.BMEX,BMEX,2019-05-21T00:00:00
164.05,165.0,147864.0,,,1561754,,,1.0,AENA.BMEX,BMEX,2019-05-20T00:00:00
165.45,166.75,124663.0,,,1578318,,,1.0,AENA.BMEX,BMEX,2019-05-17T00:00:00
166.4,168.1,130613.0,,,1591096,,,1.0,AENA.BMEX,BMEX,2019-05-16T00:00:00
165.05,167.0,396170.0,,,1580684,,,1.0,AENA.BMEX,BMEX,2019-05-15T00:00:00
163.9,165.55,173901.0,,,156696,,,1.0,AENA.BMEX,BMEX,2019-05-14T00:00:00
162.7,163.7,302389.0,,,1549449,,,1.0,AENA.BMEX,BMEX,2019-05-13T00:00:00
163.55,163.85,171328.0,,,1550869,,,1.0,AENA.BMEX,BMEX,2019-05-10T00:00:00
162.95,165.1,259567.0,,,156.27,,,1.0,AENA.BMEX,BMEX,2019-05-09T00:00:00
163.4,164.55,165068.0,,,1557494,,,1.0,AENA.BMEX,BMEX,2019-05-08T00:00:00
163.65,164.4,214618.0,,,1556075,,,1.0,AENA.BMEX,BMEX,2019-05-07T00:00:00
162.75,164.9,718895.0,,,1560807,,,1.0,AENA.BMEX,BMEX,2019-05-06T00:00:00
165.25,165.25,317858.0,,,156412,,,1.0,AENA.BMEX,BMEX,2019-05-03T00:00:00
165.25,165.75,1067402.0,,,1568853,,,1.0,AENA.BMEX,BMEX,2019-05-02T00:00:00
162.5,165.35,226068.0,,,1565067,,,1.0,AENA.BMEX,BMEX,2019-04-30T00:00:00
161.8,162.8,628133.0,,,154093,,,1.0,AENA.BMEX,BMEX,2019-04-29T00:00:00
160.65,162.75,206255.0,,,1540457,,,1.0,AENA.BMEX,BMEX,2019-04-26T00:00:00
159.4,160.8,1254047.0,,,152.2,,,1.0,AENA.BMEX,BMEX,2019-04-25T00:00:00
158.65,160.25,1739137.0,,,1516794,,,1.0,AENA.BMEX,BMEX,2019-04-24T00:00:00
157.1,159.0,1812587.0,,,1504963,,,1.0,AENA.BMEX,BMEX,2019-04-23T00:00:00
158.4,158.9,659724.0,,,1504016,,,1.0,AENA.BMEX,BMEX,2019-04-18T00:00:00
156.15,158.4,140672.0,,,1499284,,,1.0,AENA.BMEX,BMEX,2019-04-17T00:00:00
163.6,164.0,169739.0,,,1499158,,,1.0,AENA.BMEX,BMEX,2019-04-16T00:00:00
163.8,165.0,600738.0,,,1508299,,,1.0,AENA.BMEX,BMEX,2019-04-15T00:00:00
162.25,163.4,199845.0,,,1493673,,,1.0,AENA.BMEX,BMEX,2019-04-12T00:00:00
161.35,163.5,1191386.0,,,1494587,,,1.0,AENA.BMEX,BMEX,2019-04-11T00:00:00
160.95,162.35,1671098.0,,,1484075,,,1.0,AENA.BMEX,BMEX,2019-04-10T00:00:00
158.55,159.0,888904.0,,,1453451,,,1.0,AENA.BMEX,BMEX,2019-04-09T00:00:00
158.25,159.0,659464.0,,,1453451,,,1.0,AENA.BMEX,BMEX,2019-04-08T00:00:00
161.95,162.4,155221.0,,,1484532,,,1.0,AENA.BMEX,BMEX,2019-04-05T00:00:00
162.1,162.15,671663.0,,,1482246,,,1.0,AENA.BMEX,BMEX,2019-04-04T00:00:00
161.15,163.75,150812.0,,,1496873,,,1.0,AENA.BMEX,BMEX,2019-04-03T00:00:00
159.45,161.65,372269.0,,,1477676,,,1.0,AENA.BMEX,BMEX,2019-04-02T00:00:00
160.5,160.7,322267.0,,,1468992,,,1.0,AENA.BMEX,BMEX,2019-04-01T00:00:00
159.5,160.5,1975695.0,,,1467164,,,1.0,AENA.BMEX,BMEX,2019-03-29T00:00:00
162.4,163.2,137273.0,,,1491845,,,1.0,AENA.BMEX,BMEX,2019-03-28T00:00:00
160.25,162.85,171453.0,,,1488646,,,1.0,AENA.BMEX,BMEX,2019-03-27T00:00:00
159.15,160.1,102561.0,,,1463507,,,1.0,AENA.BMEX,BMEX,2019-03-26T00:00:00
158.9,159.75,324078.0,,,1460308,,,1.0,AENA.BMEX,BMEX,2019-03-25T00:00:00
159.45,159.45,319062.0,,,1457565,,,1.0,AENA.BMEX,BMEX,2019-03-22T00:00:00
160.65,161.9,135964.0,,,1479961,,,1.0,AENA.BMEX,BMEX,2019-03-21T00:00:00
161.55,162.05,193395.0,,,1481332,,,1.0,AENA.BMEX,BMEX,2019-03-20T00:00:00
163.6,166.15,150760.0,,,1518811,,,1.0,AENA.BMEX,BMEX,2019-03-19T00:00:00
161.9,163.55,118856.0,,,1495044,,,1.0,AENA.BMEX,BMEX,2019-03-18T00:00:00
159.7,161.9,287123.0,,,1479961,,,1.0,AENA.BMEX,BMEX,2019-03-15T00:00:00
158.55,159.5,309651.0,,,1458022,,,1.0,AENA.BMEX,BMEX,2019-03-14T00:00:00
156.65,158.5,231446.0,,,1448882,,,1.0,AENA.BMEX,BMEX,2019-03-13T00:00:00
157.75,158.95,131955.0,,,1452994,,,1.0,AENA.BMEX,BMEX,2019-03-12T00:00:00
157.0,157.8,245772.0,,,1442482,,,1.0,AENA.BMEX,BMEX,2019-03-11T00:00:00
158.25,158.5,199023.0,,,1448882,,,1.0,AENA.BMEX,BMEX,2019-03-08T00:00:00
158.0,158.5,231292.0,,,1448882,,,1.0,AENA.BMEX,BMEX,2019-03-07T00:00:00
158.75,158.8,237186.0,,,1451624,,,1.0,AENA.BMEX,BMEX,2019-03-06T00:00:00
156.9,159.3,203022.0,,,1456194,,,1.0,AENA.BMEX,BMEX,2019-03-05T00:00:00
156.25,157.35,136945.0,,,1438369,,,1.0,AENA.BMEX,BMEX,2019-03-04T00:00:00
155.95,155.95,139920.0,,,1425571,,,1.0,AENA.BMEX,BMEX,2019-03-01T00:00:00
154.9,156.9,256775.0,,,1434255,,,1.0,AENA.BMEX,BMEX,2019-02-28T00:00:00
155.2,155.5,157681.0,,,1421457,,,1.0,AENA.BMEX,BMEX,2019-02-27T00:00:00
155.0,157.8,149679.0,,,1442482,,,1.0,AENA.BMEX,BMEX,2019-02-26T00:00:00
154.75,156.0,94089.0,,,1426028,,,1.0,AENA.BMEX,BMEX,2019-02-25T00:00:00
154.75,155.8,112379.0,,,142.42,,,1.0,AENA.BMEX,BMEX,2019-02-22T00:00:00
153.95,155.4,120581.0,,,1420544,,,1.0,AENA.BMEX,BMEX,2019-02-21T00:00:00
153.65,154.0,379998.0,,,1407746,,,1.0,AENA.BMEX,BMEX,2019-02-20T00:00:00
152.9,153.9,99071.0,,,1406832,,,1.0,AENA.BMEX,BMEX,2019-02-19T00:00:00
152.3,153.85,171588.0,,,1406374,,,1.0,AENA.BMEX,BMEX,2019-02-18T00:00:00
149.65,153.55,166134.0,,,1403632,,,1.0,AENA.BMEX,BMEX,2019-02-15T00:00:00
148.95,150.35,142800.0,,,137438,,,1.0,AENA.BMEX,BMEX,2019-02-14T00:00:00
148.45,149.35,138369.0,,,1365239,,,1.0,AENA.BMEX,BMEX,2019-02-13T00:00:00
148.05,149.6,120555.0,,,1367525,,,1.0,AENA.BMEX,BMEX,2019-02-12T00:00:00
147.8,147.8,214568.0,,,135107,,,1.0,AENA.BMEX,BMEX,2019-02-11T00:00:00
147.7,147.7,181215.0,,,1350156,,,1.0,AENA.BMEX,BMEX,2019-02-08T00:00:00
149.2,149.25,160660.0,,,1364325,,,1.0,AENA.BMEX,BMEX,2019-02-07T00:00:00
149.85,150.25,96207.0,,,1373466,,,1.0,AENA.BMEX,BMEX,2019-02-06T00:00:00
149.35,151.8,286897.0,,,1387635,,,1.0,AENA.BMEX,BMEX,2019-02-05T00:00:00
149.65,150.2,179124.0,,,1373009,,,1.0,AENA.BMEX,BMEX,2019-02-04T00:00:00
148.1,151.05,91811.0,,,1380779,,,1.0,AENA.BMEX,BMEX,2019-02-01T00:00:00
148.85,150.8,767315.0,,,1378494,,,1.0,AENA.BMEX,BMEX,2019-01-31T00:00:00
147.55,148.75,253530.0,,,1359755,,,1.0,AENA.BMEX,BMEX,2019-01-30T00:00:00
147.45,147.75,156812.0,,,1350613,,,1.0,AENA.BMEX,BMEX,2019-01-29T00:00:00
146.55,147.4,154353.0,,,1347414,,,1.0,AENA.BMEX,BMEX,2019-01-28T00:00:00
148.8,150.3,202950.0,,,1373923,,,1.0,AENA.BMEX,BMEX,2019-01-25T00:00:00
148.4,150.6,242387.0,,,1376665,,,1.0,AENA.BMEX,BMEX,2019-01-24T00:00:00
145.9,148.75,182532.0,,,1359755,,,1.0,AENA.BMEX,BMEX,2019-01-23T00:00:00
144.5,147.05,790832.0,,,1344215,,,1.0,AENA.BMEX,BMEX,2019-01-22T00:00:00
143.55,144.75,152491.0,,,132319,,,1.0,AENA.BMEX,BMEX,2019-01-21T00:00:00
141.75,142.9,241296.0,,,1306278,,,1.0,AENA.BMEX,BMEX,2019-01-18T00:00:00
140.6,141.35,122321.0,,,129211,,,1.0,AENA.BMEX,BMEX,2019-01-17T00:00:00
139.7,142.5,172835.0,,,1302622,,,1.0,AENA.BMEX,BMEX,2019-01-16T00:00:00
137.2,138.95,162627.0,,,1270171,,,1.0,AENA.BMEX,BMEX,2019-01-15T00:00:00
138.3,138.5,117354.0,,,1266057,,,1.0,AENA.BMEX,BMEX,2019-01-14T00:00:00
138.65,139.45,710391.0,,,1274741,,,1.0,AENA.BMEX,BMEX,2019-01-11T00:00:00
137.55,139.25,181664.0,,,1272913,,,1.0,AENA.BMEX,BMEX,2019-01-10T00:00:00
138.35,138.5,163959.0,,,1266057,,,1.0,AENA.BMEX,BMEX,2019-01-09T00:00:00
138.8,140.0,179857.0,,,1279769,,,1.0,AENA.BMEX,BMEX,2019-01-08T00:00:00
138.2,139.15,92663.0,,,1271999,,,1.0,AENA.BMEX,BMEX,2019-01-07T00:00:00
137.7,140.5,110214.0,,,1284339,,,1.0,AENA.BMEX,BMEX,2019-01-04T00:00:00
136.4,137.05,461151.0,,,1252802,,,1.0,AENA.BMEX,BMEX,2019-01-03T00:00:00
133.95,137.0,143458.0,,,1252345,,,1.0,AENA.BMEX,BMEX,2019-01-02T00:00:00
10295,10.36,10477755.0,,,10.36,,,1.0,IBE.BMEX,BMEX,2021-07-01T00:00:00
10.23,10.28,20392805.0,,,10.28,,,1.0,IBE.BMEX,BMEX,2021-06-30T00:00:00
10.32,10455,11080208.0,,,10455,,,1.0,IBE.BMEX,BMEX,2021-06-29T00:00:00
10.21,10345,8342031.0,,,10345,,,1.0,IBE.BMEX,BMEX,2021-06-28T00:00:00
10195,10355,16120950.0,,,10355,,,1.0,IBE.BMEX,BMEX,2021-06-25T00:00:00
10.41,10.47,18045777.0,,,10.47,,,1.0,IBE.BMEX,BMEX,2021-06-24T00:00:00
10425,10425,12012466.0,,,10425,,,1.0,IBE.BMEX,BMEX,2021-06-23T00:00:00
10.72,10.81,7668706.0,,,10.81,,,1.0,IBE.BMEX,BMEX,2021-06-22T00:00:00
10.64,10845,7370332.0,,,10845,,,1.0,IBE.BMEX,BMEX,2021-06-21T00:00:00
10635,10.73,25834510.0,,,10.73,,,1.0,IBE.BMEX,BMEX,2021-06-18T00:00:00
10665,10.82,14330070.0,,,10.82,,,1.0,IBE.BMEX,BMEX,2021-06-17T00:00:00
10.83,10.95,13496216.0,,,10.95,,,1.0,IBE.BMEX,BMEX,2021-06-16T00:00:00
10.76,10825,5608439.0,,,10825,,,1.0,IBE.BMEX,BMEX,2021-06-15T00:00:00
10715,10.82,16634516.0,,,10.82,,,1.0,IBE.BMEX,BMEX,2021-06-14T00:00:00
10575,10695,8018745.0,,,10695,,,1.0,IBE.BMEX,BMEX,2021-06-11T00:00:00
10525,10.54,34792268.0,,,10.54,,,1.0,IBE.BMEX,BMEX,2021-06-10T00:00:00
10645,10665,11385862.0,,,10665,,,1.0,IBE.BMEX,BMEX,2021-06-09T00:00:00
10.66,10695,7976552.0,,,10695,,,1.0,IBE.BMEX,BMEX,2021-06-08T00:00:00
10585,10.64,21465817.0,,,10.64,,,1.0,IBE.BMEX,BMEX,2021-06-07T00:00:00
10.58,10.61,10634230.0,,,10.61,,,1.0,IBE.BMEX,BMEX,2021-06-04T00:00:00
10.65,10.67,10860589.0,,,10.67,,,1.0,IBE.BMEX,BMEX,2021-06-03T00:00:00
10705,10775,11642108.0,,,10775,,,1.0,IBE.BMEX,BMEX,2021-06-02T00:00:00
10875,10.92,10726423.0,,,10.92,,,1.0,IBE.BMEX,BMEX,2021-06-01T00:00:00
10995,10995,17304513.0,,,10995,,,1.0,IBE.BMEX,BMEX,2021-05-31T00:00:00
11.25,11305,6803399.0,,,11305,,,1.0,IBE.BMEX,BMEX,2021-05-28T00:00:00
11.28,11295,40152270.0,,,11295,,,1.0,IBE.BMEX,BMEX,2021-05-27T00:00:00
11.37,11.41,5700907.0,,,11.41,,,1.0,IBE.BMEX,BMEX,2021-05-26T00:00:00
11425,11485,19034101.0,,,11485,,,1.0,IBE.BMEX,BMEX,2021-05-25T00:00:00
11425,11465,15967457.0,,,11465,,,1.0,IBE.BMEX,BMEX,2021-05-24T00:00:00
11.46,11.55,10307880.0,,,11.55,,,1.0,IBE.BMEX,BMEX,2021-05-21T00:00:00
11245,11.47,8778190.0,,,11.47,,,1.0,IBE.BMEX,BMEX,2021-05-20T00:00:00
11.19,11.27,8174988.0,,,11.27,,,1.0,IBE.BMEX,BMEX,2021-05-19T00:00:00
11255,11.31,8043007.0,,,11.31,,,1.0,IBE.BMEX,BMEX,2021-05-18T00:00:00
11185,11.32,8779061.0,,,11.32,,,1.0,IBE.BMEX,BMEX,2021-05-17T00:00:00
11.2,11285,8496738.0,,,11285,,,1.0,IBE.BMEX,BMEX,2021-05-14T00:00:00
10.89,11175,7896301.0,,,11175,,,1.0,IBE.BMEX,BMEX,2021-05-13T00:00:00
11.1,11135,13844852.0,,,11135,,,1.0,IBE.BMEX,BMEX,2021-05-12T00:00:00
11.11,11.19,14295842.0,,,11.19,,,1.0,IBE.BMEX,BMEX,2021-05-11T00:00:00
11.43,11.47,5834708.0,,,11.47,,,1.0,IBE.BMEX,BMEX,2021-05-10T00:00:00
11335,11.52,7130747.0,,,11.52,,,1.0,IBE.BMEX,BMEX,2021-05-07T00:00:00
11285,11.34,11044435.0,,,11.34,,,1.0,IBE.BMEX,BMEX,2021-05-06T00:00:00
11.18,11365,10212759.0,,,11365,,,1.0,IBE.BMEX,BMEX,2021-05-05T00:00:00
11.18,11.18,11292363.0,,,11.18,,,1.0,IBE.BMEX,BMEX,2021-05-04T00:00:00
11.24,11.39,3983299.0,,,11.39,,,1.0,IBE.BMEX,BMEX,2021-05-03T00:00:00
11235,11235,14661880.0,,,11235,,,1.0,IBE.BMEX,BMEX,2021-04-30T00:00:00
11325,11.36,6008956.0,,,11.36,,,1.0,IBE.BMEX,BMEX,2021-04-29T00:00:00
11.32,11365,16136847.0,,,11365,,,1.0,IBE.BMEX,BMEX,2021-04-28T00:00:00
11.43,11.46,11927058.0,,,11.46,,,1.0,IBE.BMEX,BMEX,2021-04-27T00:00:00
11.54,11.56,6477329.0,,,11.56,,,1.0,IBE.BMEX,BMEX,2021-04-26T00:00:00
11.6,11695,7888501.0,,,11695,,,1.0,IBE.BMEX,BMEX,2021-04-23T00:00:00
11.48,11.67,15599002.0,,,11.67,,,1.0,IBE.BMEX,BMEX,2021-04-22T00:00:00
11.35,11.43,7082132.0,,,11.43,,,1.0,IBE.BMEX,BMEX,2021-04-21T00:00:00
11.39,11425,11355449.0,,,11425,,,1.0,IBE.BMEX,BMEX,2021-04-20T00:00:00
11555,11605,9567518.0,,,11605,,,1.0,IBE.BMEX,BMEX,2021-04-19T00:00:00
11.41,11585,34838047.0,,,11585,,,1.0,IBE.BMEX,BMEX,2021-04-16T00:00:00
11.37,11.52,14134978.0,,,11.52,,,1.0,IBE.BMEX,BMEX,2021-04-15T00:00:00
11.33,11.39,8755844.0,,,11.39,,,1.0,IBE.BMEX,BMEX,2021-04-14T00:00:00
11.3,11.45,11208677.0,,,11.45,,,1.0,IBE.BMEX,BMEX,2021-04-13T00:00:00
11.41,11.43,9325494.0,,,11.43,,,1.0,IBE.BMEX,BMEX,2021-04-12T00:00:00
11465,11.51,10409230.0,,,11.51,,,1.0,IBE.BMEX,BMEX,2021-04-09T00:00:00
11235,11535,13829802.0,,,11535,,,1.0,IBE.BMEX,BMEX,2021-04-08T00:00:00
11225,11245,9638266.0,,,11245,,,1.0,IBE.BMEX,BMEX,2021-04-07T00:00:00
11165,11295,20490728.0,,,11295,,,1.0,IBE.BMEX,BMEX,2021-04-06T00:00:00
10.87,11035,11231310.0,,,11035,,,1.0,IBE.BMEX,BMEX,2021-04-01T00:00:00
10.87,10985,21660732.0,,,10985,,,1.0,IBE.BMEX,BMEX,2021-03-31T00:00:00
10.83,10895,7991985.0,,,10895,,,1.0,IBE.BMEX,BMEX,2021-03-30T00:00:00
10925,11035,10025383.0,,,11035,,,1.0,IBE.BMEX,BMEX,2021-03-29T00:00:00
10865,10975,9581551.0,,,10975,,,1.0,IBE.BMEX,BMEX,2021-03-26T00:00:00
10.9,10.98,7818810.0,,,10.98,,,1.0,IBE.BMEX,BMEX,2021-03-25T00:00:00
10795,10925,9840202.0,,,10925,,,1.0,IBE.BMEX,BMEX,2021-03-24T00:00:00
10735,10.99,15151989.0,,,10.99,,,1.0,IBE.BMEX,BMEX,2021-03-23T00:00:00
10715,10.79,8213227.0,,,10.79,,,1.0,IBE.BMEX,BMEX,2021-03-22T00:00:00
10.72,10895,48728175.0,,,10895,,,1.0,IBE.BMEX,BMEX,2021-03-19T00:00:00
10575,10.67,16502592.0,,,10.67,,,1.0,IBE.BMEX,BMEX,2021-03-18T00:00:00
10.68,10.68,9158336.0,,,10.68,,,1.0,IBE.BMEX,BMEX,2021-03-17T00:00:00
10.73,10905,9268002.0,,,10905,,,1.0,IBE.BMEX,BMEX,2021-03-16T00:00:00
10.67,10.76,21453699.0,,,10.76,,,1.0,IBE.BMEX,BMEX,2021-03-15T00:00:00
10.71,10.75,7213028.0,,,10.75,,,1.0,IBE.BMEX,BMEX,2021-03-12T00:00:00
10.72,10875,13533120.0,,,10875,,,1.0,IBE.BMEX,BMEX,2021-03-11T00:00:00
10585,10725,13074880.0,,,10725,,,1.0,IBE.BMEX,BMEX,2021-03-10T00:00:00
10.41,10.7,19022119.0,,,10.7,,,1.0,IBE.BMEX,BMEX,2021-03-09T00:00:00
10055,10.4,12543070.0,,,10.4,,,1.0,IBE.BMEX,BMEX,2021-03-08T00:00:00
10.13,10185,12018960.0,,,10185,,,1.0,IBE.BMEX,BMEX,2021-03-05T00:00:00
10.03,10305,14267101.0,,,10305,,,1.0,IBE.BMEX,BMEX,2021-03-04T00:00:00
10.01,10.01,19803362.0,,,10.01,,,1.0,IBE.BMEX,BMEX,2021-03-03T00:00:00
10.36,10365,14012942.0,,,10365,,,1.0,IBE.BMEX,BMEX,2021-03-02T00:00:00
10.29,10405,13777787.0,,,10405,,,1.0,IBE.BMEX,BMEX,2021-03-01T00:00:00
10.2,10425,20966660.0,,,10425,,,1.0,IBE.BMEX,BMEX,2021-02-26T00:00:00
10.16,10.29,24710253.0,,,10.29,,,1.0,IBE.BMEX,BMEX,2021-02-25T00:00:00
10.23,10395,13807797.0,,,10395,,,1.0,IBE.BMEX,BMEX,2021-02-24T00:00:00
10.08,10255,11789454.0,,,10255,,,1.0,IBE.BMEX,BMEX,2021-02-23T00:00:00
10265,10.29,13826429.0,,,10.29,,,1.0,IBE.BMEX,BMEX,2021-02-22T00:00:00
10.44,10.51,13419720.0,,,10.51,,,1.0,IBE.BMEX,BMEX,2021-02-19T00:00:00
10585,10585,12555800.0,,,10585,,,1.0,IBE.BMEX,BMEX,2021-02-18T00:00:00
10505,10.7,11324790.0,,,10.7,,,1.0,IBE.BMEX,BMEX,2021-02-17T00:00:00
10595,10595,9337154.0,,,10595,,,1.0,IBE.BMEX,BMEX,2021-02-16T00:00:00
10.71,10755,9466586.0,,,10755,,,1.0,IBE.BMEX,BMEX,2021-02-15T00:00:00
10.71,10805,7380497.0,,,10805,,,1.0,IBE.BMEX,BMEX,2021-02-12T00:00:00
10735,10775,6733373.0,,,10775,,,1.0,IBE.BMEX,BMEX,2021-02-11T00:00:00
10.73,10775,12724150.0,,,10775,,,1.0,IBE.BMEX,BMEX,2021-02-10T00:00:00
10805,10.88,17502961.0,,,10.88,,,1.0,IBE.BMEX,BMEX,2021-02-09T00:00:00
11.05,11.05,9762425.0,,,11.05,,,1.0,IBE.BMEX,BMEX,2021-02-08T00:00:00
11.18,11.25,9118294.0,,,11.25,,,1.0,IBE.BMEX,BMEX,2021-02-05T00:00:00
11.24,11.31,6862054.0,,,11.31,,,1.0,IBE.BMEX,BMEX,2021-02-04T00:00:00
11285,11375,10067140.0,,,11375,,,1.0,IBE.BMEX,BMEX,2021-02-03T00:00:00
11.22,11265,13042180.0,,,11265,,,1.0,IBE.BMEX,BMEX,2021-02-02T00:00:00
11105,11275,7491322.0,,,11275,,,1.0,IBE.BMEX,BMEX,2021-02-01T00:00:00
11185,11185,16052150.0,,,11185,,,1.0,IBE.BMEX,BMEX,2021-01-29T00:00:00
11.11,11425,15013390.0,,,11425,,,1.0,IBE.BMEX,BMEX,2021-01-28T00:00:00
11.25,11.36,17766369.0,,,11.36,,,1.0,IBE.BMEX,BMEX,2021-01-27T00:00:00
11545,11615,9726564.0,,,11615,,,1.0,IBE.BMEX,BMEX,2021-01-26T00:00:00
11465,11685,10117580.0,,,11685,,,1.0,IBE.BMEX,BMEX,2021-01-25T00:00:00
11585,11.66,11872424.0,,,11.66,,,1.0,IBE.BMEX,BMEX,2021-01-22T00:00:00
11.7,11.7,10638060.0,,,11.7,,,1.0,IBE.BMEX,BMEX,2021-01-21T00:00:00
11.65,11.73,22379250.0,,,11.73,,,1.0,IBE.BMEX,BMEX,2021-01-20T00:00:00
11.8,11.82,9352778.0,,,11.82,,,1.0,IBE.BMEX,BMEX,2021-01-19T00:00:00
11805,11.89,7447839.0,,,11.89,,,1.0,IBE.BMEX,BMEX,2021-01-18T00:00:00
11.9,11915,20899434.0,,,11915,,,1.0,IBE.BMEX,BMEX,2021-01-15T00:00:00
11.94,12005,11652810.0,,,12005,,,1.0,IBE.BMEX,BMEX,2021-01-14T00:00:00
11885,12.11,12533080.0,,,12.11,,,1.0,IBE.BMEX,BMEX,2021-01-13T00:00:00
11995,11995,14710300.0,,,11995,,,1.0,IBE.BMEX,BMEX,2021-01-12T00:00:00
12.23,12.41,10339420.0,,,12.41,,,1.0,IBE.BMEX,BMEX,2021-01-11T00:00:00
12305,12505,13474949.0,,,12505,,,1.0,IBE.BMEX,BMEX,2021-01-08T00:00:00
12.22,12285,17939270.0,,,12285,,,1.0,IBE.BMEX,BMEX,2021-01-07T00:00:00
11775,12.23,16134420.0,,,12.23,,,1.0,IBE.BMEX,BMEX,2021-01-06T00:00:00
11.7,11.72,20607400.0,,,11.72,,,1.0,IBE.BMEX,BMEX,2021-01-05T00:00:00
11.79,11905,13406170.0,,,11905,,,1.0,IBE.BMEX,BMEX,2021-01-04T00:00:00
11.7,11.7,3706050.0,,,11.7,,,1.0,IBE.BMEX,BMEX,2020-12-31T00:00:00
11715,11.74,8517636.0,,,11.74,,,1.0,IBE.BMEX,BMEX,2020-12-30T00:00:00
11.7,11.74,8092647.0,,,11.74,,,1.0,IBE.BMEX,BMEX,2020-12-29T00:00:00
11495,11685,55001000.0,,,11685,,,1.0,IBE.BMEX,BMEX,2020-12-28T00:00:00
11.43,11.47,1247598.0,,,11.47,,,1.0,IBE.BMEX,BMEX,2020-12-24T00:00:00
11.33,11475,9675706.0,,,11475,,,1.0,IBE.BMEX,BMEX,2020-12-23T00:00:00
11225,11.32,16499869.0,,,11.32,,,1.0,IBE.BMEX,BMEX,2020-12-22T00:00:00
11155,11235,29563650.0,,,11235,,,1.0,IBE.BMEX,BMEX,2020-12-21T00:00:00
11365,11.41,48926348.0,,,11.41,,,1.0,IBE.BMEX,BMEX,2020-12-18T00:00:00
11.23,11395,13193800.0,,,11395,,,1.0,IBE.BMEX,BMEX,2020-12-17T00:00:00
11165,11.26,10136370.0,,,11.26,,,1.0,IBE.BMEX,BMEX,2020-12-16T00:00:00
11195,11215,26680961.0,,,11215,,,1.0,IBE.BMEX,BMEX,2020-12-15T00:00:00
11235,11285,14280380.0,,,11285,,,1.0,IBE.BMEX,BMEX,2020-12-14T00:00:00
11135,11.25,10091525.0,,,11.25,,,1.0,IBE.BMEX,BMEX,2020-12-11T00:00:00
11245,11.3,7517746.0,,,11.3,,,1.0,IBE.BMEX,BMEX,2020-12-10T00:00:00
11175,11.24,10484140.0,,,11.24,,,1.0,IBE.BMEX,BMEX,2020-12-09T00:00:00
11.15,11.23,7495084.0,,,11.23,,,1.0,IBE.BMEX,BMEX,2020-12-08T00:00:00
11005,11.21,11176300.0,,,11.21,,,1.0,IBE.BMEX,BMEX,2020-12-07T00:00:00
11155,11.2,17697454.0,,,11.2,,,1.0,IBE.BMEX,BMEX,2020-12-04T00:00:00
11.23,11.26,10117280.0,,,11.26,,,1.0,IBE.BMEX,BMEX,2020-12-03T00:00:00
11215,11.3,13156820.0,,,11.3,,,1.0,IBE.BMEX,BMEX,2020-12-02T00:00:00
11295,11325,17727221.0,,,11325,,,1.0,IBE.BMEX,BMEX,2020-12-01T00:00:00
11.34,11445,25472670.0,,,11445,,,1.0,IBE.BMEX,BMEX,2020-11-30T00:00:00
11285,11.47,13542091.0,,,11.47,,,1.0,IBE.BMEX,BMEX,2020-11-27T00:00:00
11285,11295,8729894.0,,,11295,,,1.0,IBE.BMEX,BMEX,2020-11-26T00:00:00
11205,11.3,11794850.0,,,11.3,,,1.0,IBE.BMEX,BMEX,2020-11-25T00:00:00
11.19,11275,11961320.0,,,11275,,,1.0,IBE.BMEX,BMEX,2020-11-24T00:00:00
11335,11335,10510970.0,,,11335,,,1.0,IBE.BMEX,BMEX,2020-11-23T00:00:00
11.3,11445,15571845.0,,,11445,,,1.0,IBE.BMEX,BMEX,2020-11-20T00:00:00
11.24,11.36,17201520.0,,,11.36,,,1.0,IBE.BMEX,BMEX,2020-11-19T00:00:00
11245,11.33,18078221.0,,,11.33,,,1.0,IBE.BMEX,BMEX,2020-11-18T00:00:00
11.22,11.31,10066080.0,,,11.31,,,1.0,IBE.BMEX,BMEX,2020-11-17T00:00:00
11.31,11.35,11023880.0,,,11.35,,,1.0,IBE.BMEX,BMEX,2020-11-16T00:00:00
11.4,11415,11635887.0,,,11415,,,1.0,IBE.BMEX,BMEX,2020-11-13T00:00:00
11355,11445,16097010.0,,,11445,,,1.0,IBE.BMEX,BMEX,2020-11-12T00:00:00
11.08,11355,15651160.0,,,11355,,,1.0,IBE.BMEX,BMEX,2020-11-11T00:00:00
10.85,11.06,20398301.0,,,11.06,,,1.0,IBE.BMEX,BMEX,2020-11-10T00:00:00
10935,11065,26780561.0,,,11065,,,1.0,IBE.BMEX,BMEX,2020-11-09T00:00:00
10.84,10.98,10345554.0,,,10.98,,,1.0,IBE.BMEX,BMEX,2020-11-06T00:00:00
10745,11.0,15607050.0,,,11.0,,,1.0,IBE.BMEX,BMEX,2020-11-05T00:00:00
10295,10.68,15757240.0,,,10.68,,,1.0,IBE.BMEX,BMEX,2020-11-04T00:00:00
10.35,10595,11246140.0,,,10595,,,1.0,IBE.BMEX,BMEX,2020-11-03T00:00:00
10105,10.37,9113045.0,,,10.37,,,1.0,IBE.BMEX,BMEX,2020-11-02T00:00:00
10075,10125,16866396.0,,,10125,,,1.0,IBE.BMEX,BMEX,2020-10-30T00:00:00
10.13,10.22,17862119.0,,,10.22,,,1.0,IBE.BMEX,BMEX,2020-10-29T00:00:00
10.24,10335,27254920.0,,,10335,,,1.0,IBE.BMEX,BMEX,2020-10-28T00:00:00
10535,10.6,10809820.0,,,10.6,,,1.0,IBE.BMEX,BMEX,2020-10-27T00:00:00
10.65,10.68,8583322.0,,,10.68,,,1.0,IBE.BMEX,BMEX,2020-10-26T00:00:00
10.66,10705,15840189.0,,,10705,,,1.0,IBE.BMEX,BMEX,2020-10-23T00:00:00
10655,10735,16538641.0,,,10735,,,1.0,IBE.BMEX,BMEX,2020-10-22T00:00:00
10705,10.78,11985810.0,,,10.78,,,1.0,IBE.BMEX,BMEX,2020-10-21T00:00:00
10.93,10965,14478680.0,,,10965,,,1.0,IBE.BMEX,BMEX,2020-10-20T00:00:00
10.89,10945,7888508.0,,,10945,,,1.0,IBE.BMEX,BMEX,2020-10-19T00:00:00
11.0,11.06,13142104.0,,,11.06,,,1.0,IBE.BMEX,BMEX,2020-10-16T00:00:00
11.0,11015,14814860.0,,,11015,,,1.0,IBE.BMEX,BMEX,2020-10-15T00:00:00
11.12,11.27,6892309.0,,,11.27,,,1.0,IBE.BMEX,BMEX,2020-10-14T00:00:00
11.1,11145,10545030.0,,,11145,,,1.0,IBE.BMEX,BMEX,2020-10-13T00:00:00
10825,11.07,10518790.0,,,11.07,,,1.0,IBE.BMEX,BMEX,2020-10-12T00:00:00
10705,10.8,5875715.0,,,10.8,,,1.0,IBE.BMEX,BMEX,2020-10-09T00:00:00
10.81,10.83,7025001.0,,,10.83,,,1.0,IBE.BMEX,BMEX,2020-10-08T00:00:00
10.68,10.83,10402486.0,,,10.83,,,1.0,IBE.BMEX,BMEX,2020-10-07T00:00:00
10.61,10665,9614064.0,,,10665,,,1.0,IBE.BMEX,BMEX,2020-10-06T00:00:00
10625,10.7,6151742.0,,,10.7,,,1.0,IBE.BMEX,BMEX,2020-10-05T00:00:00
10595,10715,10633365.0,,,10715,,,1.0,IBE.BMEX,BMEX,2020-10-02T00:00:00
10535,10695,9210515.0,,,10695,,,1.0,IBE.BMEX,BMEX,2020-10-01T00:00:00
10485,10.51,11501170.0,,,10.51,,,1.0,IBE.BMEX,BMEX,2020-09-30T00:00:00
10.46,10.53,7965070.0,,,10.53,,,1.0,IBE.BMEX,BMEX,2020-09-29T00:00:00
10.42,10.48,9888609.0,,,10.48,,,1.0,IBE.BMEX,BMEX,2020-09-28T00:00:00
10205,10385,9741316.0,,,10385,,,1.0,IBE.BMEX,BMEX,2020-09-25T00:00:00
10245,10.35,7727526.0,,,10.35,,,1.0,IBE.BMEX,BMEX,2020-09-24T00:00:00
10325,10.33,8017585.0,,,10.33,,,1.0,IBE.BMEX,BMEX,2020-09-23T00:00:00
10.3,10.32,10181500.0,,,10.32,,,1.0,IBE.BMEX,BMEX,2020-09-22T00:00:00
10.31,10.41,17364380.0,,,10.41,,,1.0,IBE.BMEX,BMEX,2020-09-21T00:00:00
10.45,10.45,48380745.0,,,10.45,,,1.0,IBE.BMEX,BMEX,2020-09-18T00:00:00
10.48,10.54,9764719.0,,,10.54,,,1.0,IBE.BMEX,BMEX,2020-09-17T00:00:00
10545,10.63,12516419.0,,,10.63,,,1.0,IBE.BMEX,BMEX,2020-09-16T00:00:00
10545,10675,13421825.0,,,10675,,,1.0,IBE.BMEX,BMEX,2020-09-15T00:00:00
10535,10.55,6091598.0,,,10.55,,,1.0,IBE.BMEX,BMEX,2020-09-14T00:00:00
10535,10.6,6559004.0,,,10.6,,,1.0,IBE.BMEX,BMEX,2020-09-11T00:00:00
10.51,10.61,7679518.0,,,10.61,,,1.0,IBE.BMEX,BMEX,2020-09-10T00:00:00
10.51,10625,7464259.0,,,10625,,,1.0,IBE.BMEX,BMEX,2020-09-09T00:00:00
10395,10.49,12660920.0,,,10.49,,,1.0,IBE.BMEX,BMEX,2020-09-08T00:00:00
10.45,10.67,10912907.0,,,10.67,,,1.0,IBE.BMEX,BMEX,2020-09-07T00:00:00
10425,10465,18208416.0,,,10465,,,1.0,IBE.BMEX,BMEX,2020-09-04T00:00:00
10.61,10685,10744944.0,,,10685,,,1.0,IBE.BMEX,BMEX,2020-09-03T00:00:00
10.55,10.7,12967574.0,,,10.7,,,1.0,IBE.BMEX,BMEX,2020-09-02T00:00:00
10525,10.55,10452939.0,,,10.55,,,1.0,IBE.BMEX,BMEX,2020-09-01T00:00:00
10.52,10.55,14568839.0,,,10.55,,,1.0,IBE.BMEX,BMEX,2020-08-31T00:00:00
10.66,10.7,6129416.0,,,10.7,,,1.0,IBE.BMEX,BMEX,2020-08-28T00:00:00
10.73,10.76,11358586.0,,,10.76,,,1.0,IBE.BMEX,BMEX,2020-08-27T00:00:00
10795,10825,6294588.0,,,10825,,,1.0,IBE.BMEX,BMEX,2020-08-26T00:00:00
10.84,10895,8080249.0,,,10895,,,1.0,IBE.BMEX,BMEX,2020-08-25T00:00:00
10865,10915,7066062.0,,,10915,,,1.0,IBE.BMEX,BMEX,2020-08-24T00:00:00
10.71,10815,8492634.0,,,10815,,,1.0,IBE.BMEX,BMEX,2020-08-21T00:00:00
10705,10795,8200421.0,,,10795,,,1.0,IBE.BMEX,BMEX,2020-08-20T00:00:00
10.69,10825,5614585.0,,,10825,,,1.0,IBE.BMEX,BMEX,2020-08-19T00:00:00
10775,10805,9426685.0,,,10805,,,1.0,IBE.BMEX,BMEX,2020-08-18T00:00:00
10855,10925,7259885.0,,,10925,,,1.0,IBE.BMEX,BMEX,2020-08-17T00:00:00
10.9,10.97,6321057.0,,,10.97,,,1.0,IBE.BMEX,BMEX,2020-08-14T00:00:00
10975,11.07,7475279.0,,,11.07,,,1.0,IBE.BMEX,BMEX,2020-08-13T00:00:00
10885,11135,11546589.0,,,11135,,,1.0,IBE.BMEX,BMEX,2020-08-12T00:00:00
10.88,10965,15531620.0,,,10965,,,1.0,IBE.BMEX,BMEX,2020-08-11T00:00:00
10.83,10.9,5591843.0,,,10.9,,,1.0,IBE.BMEX,BMEX,2020-08-10T00:00:00
10755,10.87,5767201.0,,,10.87,,,1.0,IBE.BMEX,BMEX,2020-08-07T00:00:00
10.77,10.85,9039618.0,,,10.85,,,1.0,IBE.BMEX,BMEX,2020-08-06T00:00:00
10865,10865,9189386.0,,,10865,,,1.0,IBE.BMEX,BMEX,2020-08-05T00:00:00
10.93,11.0,8503549.0,,,11.0,,,1.0,IBE.BMEX,BMEX,2020-08-04T00:00:00
10.86,11.09,12997573.0,,,11.09,,,1.0,IBE.BMEX,BMEX,2020-08-03T00:00:00
10.91,10.92,14260488.0,,,10.92,,,1.0,IBE.BMEX,BMEX,2020-07-31T00:00:00
10.81,10925,19392555.0,,,10925,,,1.0,IBE.BMEX,BMEX,2020-07-30T00:00:00
11.04,11095,10382065.0,,,11095,,,1.0,IBE.BMEX,BMEX,2020-07-29T00:00:00
10915,11065,10620319.0,,,11065,,,1.0,IBE.BMEX,BMEX,2020-07-28T00:00:00
10895,11.0,11377753.0,,,11.0,,,1.0,IBE.BMEX,BMEX,2020-07-27T00:00:00
10.8,11045,12544602.0,,,11045,,,1.0,IBE.BMEX,BMEX,2020-07-24T00:00:00
10995,11085,16550223.0,,,11085,,,1.0,IBE.BMEX,BMEX,2020-07-23T00:00:00
11.06,11.11,10802004.0,,,11.11,,,1.0,IBE.BMEX,BMEX,2020-07-22T00:00:00
11.26,11.27,16062279.0,,,11.27,,,1.0,IBE.BMEX,BMEX,2020-07-21T00:00:00
11.06,11.24,15435292.0,,,11.24,,,1.0,IBE.BMEX,BMEX,2020-07-20T00:00:00
11.03,11085,11471422.0,,,11085,,,1.0,IBE.BMEX,BMEX,2020-07-17T00:00:00
10805,11.04,20538990.0,,,11.04,,,1.0,IBE.BMEX,BMEX,2020-07-16T00:00:00
10745,11.0,15306718.0,,,11.0,,,1.0,IBE.BMEX,BMEX,2020-07-15T00:00:00
10.6,10.82,18677093.0,,,10.82,,,1.0,IBE.BMEX,BMEX,2020-07-14T00:00:00
10685,10.8,8762235.0,,,10.8,,,1.0,IBE.BMEX,BMEX,2020-07-13T00:00:00
10555,10.73,9590908.0,,,10.73,,,1.0,IBE.BMEX,BMEX,2020-07-10T00:00:00
10.56,10.6,19714630.0,,,10.6,,,1.0,IBE.BMEX,BMEX,2020-07-09T00:00:00
10515,10.72,14378185.0,,,10.72,,,1.0,IBE.BMEX,BMEX,2020-07-08T00:00:00
10765,10835,18061124.0,,,10835,,,1.0,IBE.BMEX,BMEX,2020-07-07T00:00:00
10.75,10.82,10661944.0,,,10.82,,,1.0,IBE.BMEX,BMEX,2020-07-06T00:00:00
10.7,10.73,11293698.0,,,10.73,,,1.0,IBE.BMEX,BMEX,2020-07-03T00:00:00
10405,10.72,13573435.0,,,10.72,,,1.0,IBE.BMEX,BMEX,2020-07-02T00:00:00
10265,10.36,15034125.0,,,10.36,,,1.0,IBE.BMEX,BMEX,2020-07-01T00:00:00
10.2,10.32,26430563.0,,,10.32,,,1.0,IBE.BMEX,BMEX,2020-06-30T00:00:00
10.03,10.18,11725696.0,,,10.18,,,1.0,IBE.BMEX,BMEX,2020-06-29T00:00:00
10015,10.04,14924236.0,,,10.04,,,1.0,IBE.BMEX,BMEX,2020-06-26T00:00:00
9904,10.11,12880011.0,,,10.11,,,1.0,IBE.BMEX,BMEX,2020-06-25T00:00:00
9998,9998,8437712.0,,,9998,,,1.0,IBE.BMEX,BMEX,2020-06-24T00:00:00
10145,10285,13505700.0,,,10285,,,1.0,IBE.BMEX,BMEX,2020-06-23T00:00:00
10005,10.13,11423102.0,,,10.13,,,1.0,IBE.BMEX,BMEX,2020-06-22T00:00:00
9982,10.19,69395760.0,,,10.19,,,1.0,IBE.BMEX,BMEX,2020-06-19T00:00:00
9866,9962,25081474.0,,,9962,,,1.0,IBE.BMEX,BMEX,2020-06-18T00:00:00
9946,10015,31777640.0,,,10015,,,1.0,IBE.BMEX,BMEX,2020-06-17T00:00:00
9762,10.01,33111448.0,,,10.01,,,1.0,IBE.BMEX,BMEX,2020-06-16T00:00:00
9402,9712,12993260.0,,,9712,,,1.0,IBE.BMEX,BMEX,2020-06-15T00:00:00
9614,9.75,32401111.0,,,9.75,,,1.0,IBE.BMEX,BMEX,2020-06-12T00:00:00
9.68,9682,29640784.0,,,9682,,,1.0,IBE.BMEX,BMEX,2020-06-11T00:00:00
9986,9986,10163760.0,,,9986,,,1.0,IBE.BMEX,BMEX,2020-06-10T00:00:00
9.97,10.15,18695393.0,,,10.15,,,1.0,IBE.BMEX,BMEX,2020-06-09T00:00:00
9876,10.13,17711374.0,,,10.13,,,1.0,IBE.BMEX,BMEX,2020-06-08T00:00:00
9.93,10.03,18420683.0,,,10.03,,,1.0,IBE.BMEX,BMEX,2020-06-05T00:00:00
9.94,9958,21867617.0,,,9958,,,1.0,IBE.BMEX,BMEX,2020-06-04T00:00:00
9838,10115,17010750.0,,,10115,,,1.0,IBE.BMEX,BMEX,2020-06-03T00:00:00
9692,9932,16812450.0,,,9932,,,1.0,IBE.BMEX,BMEX,2020-06-02T00:00:00
9.62,9.7,12109070.0,,,9.7,,,1.0,IBE.BMEX,BMEX,2020-06-01T00:00:00
9578,9688,71811039.0,,,9688,,,1.0,IBE.BMEX,BMEX,2020-05-29T00:00:00
9502,9618,17419000.0,,,9618,,,1.0,IBE.BMEX,BMEX,2020-05-28T00:00:00
9206,9604,25830949.0,,,9604,,,1.0,IBE.BMEX,BMEX,2020-05-27T00:00:00
9172,9252,13687170.0,,,9252,,,1.0,IBE.BMEX,BMEX,2020-05-26T00:00:00
8974,9144,7186373.0,,,9144,,,1.0,IBE.BMEX,BMEX,2020-05-25T00:00:00
8774,9038,13372180.0,,,9038,,,1.0,IBE.BMEX,BMEX,2020-05-22T00:00:00
8.88,8942,7379120.0,,,8942,,,1.0,IBE.BMEX,BMEX,2020-05-21T00:00:00
8.87,8978,17468811.0,,,8978,,,1.0,IBE.BMEX,BMEX,2020-05-20T00:00:00
8818,8.91,19813301.0,,,8.91,,,1.0,IBE.BMEX,BMEX,2020-05-19T00:00:00
8.55,8964,18862051.0,,,8964,,,1.0,IBE.BMEX,BMEX,2020-05-18T00:00:00
8496,8502,14658170.0,,,8502,,,1.0,IBE.BMEX,BMEX,2020-05-15T00:00:00
8402,8546,16144730.0,,,8546,,,1.0,IBE.BMEX,BMEX,2020-05-14T00:00:00
8.6,8694,12925820.0,,,8694,,,1.0,IBE.BMEX,BMEX,2020-05-13T00:00:00
8648,8746,14789230.0,,,8746,,,1.0,IBE.BMEX,BMEX,2020-05-12T00:00:00
8626,8648,12348730.0,,,8648,,,1.0,IBE.BMEX,BMEX,2020-05-11T00:00:00
8772,8.8,18513020.0,,,8.8,,,1.0,IBE.BMEX,BMEX,2020-05-08T00:00:00
8812,8838,13931380.0,,,8838,,,1.0,IBE.BMEX,BMEX,2020-05-07T00:00:00
8858,8894,28058721.0,,,8894,,,1.0,IBE.BMEX,BMEX,2020-05-06T00:00:00
8812,8964,31092920.0,,,8964,,,1.0,IBE.BMEX,BMEX,2020-05-05T00:00:00
8876,8946,18024289.0,,,8946,,,1.0,IBE.BMEX,BMEX,2020-05-04T00:00:00
9086,9.14,16038120.0,,,9.14,,,1.0,IBE.BMEX,BMEX,2020-04-30T00:00:00
8906,9348,16593340.0,,,9348,,,1.0,IBE.BMEX,BMEX,2020-04-29T00:00:00
8.84,9076,9234927.0,,,9076,,,1.0,IBE.BMEX,BMEX,2020-04-28T00:00:00
8772,8908,7512418.0,,,8908,,,1.0,IBE.BMEX,BMEX,2020-04-27T00:00:00
8656,8726,11213490.0,,,8726,,,1.0,IBE.BMEX,BMEX,2020-04-24T00:00:00
8.85,8.85,9864672.0,,,8.85,,,1.0,IBE.BMEX,BMEX,2020-04-23T00:00:00
8792,8994,10729800.0,,,8994,,,1.0,IBE.BMEX,BMEX,2020-04-22T00:00:00
8744,8744,10809080.0,,,8744,,,1.0,IBE.BMEX,BMEX,2020-04-21T00:00:00
8836,8986,8405585.0,,,8986,,,1.0,IBE.BMEX,BMEX,2020-04-20T00:00:00
8.91,8984,13170590.0,,,8984,,,1.0,IBE.BMEX,BMEX,2020-04-17T00:00:00
8872,8892,8875328.0,,,8892,,,1.0,IBE.BMEX,BMEX,2020-04-16T00:00:00
8812,8.9,27546869.0,,,8.9,,,1.0,IBE.BMEX,BMEX,2020-04-15T00:00:00
8.96,9084,17002051.0,,,9084,,,1.0,IBE.BMEX,BMEX,2020-04-14T00:00:00
8.78,9108,11180830.0,,,9108,,,1.0,IBE.BMEX,BMEX,2020-04-09T00:00:00
8.78,8922,17842990.0,,,8922,,,1.0,IBE.BMEX,BMEX,2020-04-08T00:00:00
8964,9046,16990980.0,,,9046,,,1.0,IBE.BMEX,BMEX,2020-04-07T00:00:00
9016,9086,11157450.0,,,9086,,,1.0,IBE.BMEX,BMEX,2020-04-06T00:00:00
8792,9.05,39811770.0,,,9.05,,,1.0,IBE.BMEX,BMEX,2020-04-03T00:00:00
8432,8788,17648910.0,,,8788,,,1.0,IBE.BMEX,BMEX,2020-04-02T00:00:00
8688,8.77,22069539.0,,,8.77,,,1.0,IBE.BMEX,BMEX,2020-04-01T00:00:00
8662,8984,19398410.0,,,8984,,,1.0,IBE.BMEX,BMEX,2020-03-31T00:00:00
8.5,8.71,18380881.0,,,8.71,,,1.0,IBE.BMEX,BMEX,2020-03-30T00:00:00
8.7,8826,22533439.0,,,8826,,,1.0,IBE.BMEX,BMEX,2020-03-27T00:00:00
8.75,9106,15864090.0,,,9106,,,1.0,IBE.BMEX,BMEX,2020-03-26T00:00:00
8414,9126,25462699.0,,,9126,,,1.0,IBE.BMEX,BMEX,2020-03-25T00:00:00
8344,8808,29270910.0,,,8808,,,1.0,IBE.BMEX,BMEX,2020-03-24T00:00:00
8.25,8392,26812551.0,,,8392,,,1.0,IBE.BMEX,BMEX,2020-03-23T00:00:00
8.74,8.74,45182219.0,,,8.74,,,1.0,IBE.BMEX,BMEX,2020-03-20T00:00:00
8528,8.93,25190680.0,,,8.93,,,1.0,IBE.BMEX,BMEX,2020-03-19T00:00:00
8456,8714,33921711.0,,,8714,,,1.0,IBE.BMEX,BMEX,2020-03-18T00:00:00
8.52,9062,36336352.0,,,9062,,,1.0,IBE.BMEX,BMEX,2020-03-17T00:00:00
7.76,8232,51624711.0,,,8232,,,1.0,IBE.BMEX,BMEX,2020-03-16T00:00:00
8226,8.56,42825859.0,,,8.56,,,1.0,IBE.BMEX,BMEX,2020-03-13T00:00:00
8008,8152,65237953.0,,,8152,,,1.0,IBE.BMEX,BMEX,2020-03-12T00:00:00
9316,9486,49913930.0,,,9486,,,1.0,IBE.BMEX,BMEX,2020-03-11T00:00:00
9336,9336,40653520.0,,,9336,,,1.0,IBE.BMEX,BMEX,2020-03-10T00:00:00
9764,9892,41253941.0,,,9892,,,1.0,IBE.BMEX,BMEX,2020-03-09T00:00:00
10.47,10595,29506199.0,,,10595,,,1.0,IBE.BMEX,BMEX,2020-03-06T00:00:00
10925,11.06,27931369.0,,,11.06,,,1.0,IBE.BMEX,BMEX,2020-03-05T00:00:00
10715,11195,25036580.0,,,11195,,,1.0,IBE.BMEX,BMEX,2020-03-04T00:00:00
10.74,10805,30726590.0,,,10805,,,1.0,IBE.BMEX,BMEX,2020-03-03T00:00:00
10245,10725,29551369.0,,,10725,,,1.0,IBE.BMEX,BMEX,2020-03-02T00:00:00
10.14,10.32,47102941.0,,,10.32,,,1.0,IBE.BMEX,BMEX,2020-02-28T00:00:00
10.73,10.77,37751289.0,,,10.77,,,1.0,IBE.BMEX,BMEX,2020-02-27T00:00:00
10.55,11205,29267400.0,,,11205,,,1.0,IBE.BMEX,BMEX,2020-02-26T00:00:00
10.66,10.66,23561721.0,,,10.66,,,1.0,IBE.BMEX,BMEX,2020-02-25T00:00:00
10.88,10.93,19311490.0,,,10.93,,,1.0,IBE.BMEX,BMEX,2020-02-24T00:00:00
10.98,11.18,14395150.0,,,11.18,,,1.0,IBE.BMEX,BMEX,2020-02-21T00:00:00
11035,11035,17520400.0,,,11035,,,1.0,IBE.BMEX,BMEX,2020-02-20T00:00:00
11025,11.22,19806949.0,,,11.22,,,1.0,IBE.BMEX,BMEX,2020-02-19T00:00:00
10965,11115,12811490.0,,,11115,,,1.0,IBE.BMEX,BMEX,2020-02-18T00:00:00
10.83,11.06,9999624.0,,,11.06,,,1.0,IBE.BMEX,BMEX,2020-02-17T00:00:00
10.56,10855,16686369.0,,,10855,,,1.0,IBE.BMEX,BMEX,2020-02-14T00:00:00
10365,10.59,62501320.0,,,10.59,,,1.0,IBE.BMEX,BMEX,2020-02-13T00:00:00
10.42,10.43,11717270.0,,,10.43,,,1.0,IBE.BMEX,BMEX,2020-02-12T00:00:00
10.34,10505,18895740.0,,,10505,,,1.0,IBE.BMEX,BMEX,2020-02-11T00:00:00
10.22,10.38,12444920.0,,,10.38,,,1.0,IBE.BMEX,BMEX,2020-02-10T00:00:00
10275,10275,46063078.0,,,10275,,,1.0,IBE.BMEX,BMEX,2020-02-07T00:00:00
10.16,10.38,16307950.0,,,10.38,,,1.0,IBE.BMEX,BMEX,2020-02-06T00:00:00
9.9,10.2,36618273.0,,,10.2,,,1.0,IBE.BMEX,BMEX,2020-02-05T00:00:00
9.89,9946,10609900.0,,,9946,,,1.0,IBE.BMEX,BMEX,2020-02-04T00:00:00
9866,9902,12339810.0,,,9902,,,1.0,IBE.BMEX,BMEX,2020-02-03T00:00:00
9796,9.87,12526160.0,,,9.87,,,1.0,IBE.BMEX,BMEX,2020-01-31T00:00:00
9824,9.9,19583051.0,,,9.9,,,1.0,IBE.BMEX,BMEX,2020-01-30T00:00:00
9.81,9.87,12831840.0,,,9.87,,,1.0,IBE.BMEX,BMEX,2020-01-29T00:00:00
9792,9848,11545230.0,,,9848,,,1.0,IBE.BMEX,BMEX,2020-01-28T00:00:00
9794,9804,15706530.0,,,9804,,,1.0,IBE.BMEX,BMEX,2020-01-27T00:00:00
9692,9886,16931350.0,,,9886,,,1.0,IBE.BMEX,BMEX,2020-01-24T00:00:00
9.44,9668,20085830.0,,,9668,,,1.0,IBE.BMEX,BMEX,2020-01-23T00:00:00
9398,9456,17131150.0,,,9456,,,1.0,IBE.BMEX,BMEX,2020-01-22T00:00:00
9.36,9426,39859848.0,,,9426,,,1.0,IBE.BMEX,BMEX,2020-01-21T00:00:00
9378,9.45,12570290.0,,,9.45,,,1.0,IBE.BMEX,BMEX,2020-01-20T00:00:00
9314,9404,22494109.0,,,9404,,,1.0,IBE.BMEX,BMEX,2020-01-17T00:00:00
9202,9312,14324590.0,,,9312,,,1.0,IBE.BMEX,BMEX,2020-01-16T00:00:00
8.99,9.21,22956660.0,,,9.21,,,1.0,IBE.BMEX,BMEX,2020-01-15T00:00:00
8942,9032,17677051.0,,,9032,,,1.0,IBE.BMEX,BMEX,2020-01-14T00:00:00
8926,9.0,12868640.0,,,9.0,,,1.0,IBE.BMEX,BMEX,2020-01-13T00:00:00
8.85,8984,19852381.0,,,8984,,,1.0,IBE.BMEX,BMEX,2020-01-10T00:00:00
8812,8.83,13429910.0,,,8.83,,,1.0,IBE.BMEX,BMEX,2020-01-09T00:00:00
8906,8984,14087690.0,,,88479,,,1.0,IBE.BMEX,BMEX,2020-01-08T00:00:00
8954,8954,23592730.0,,,88184,,,1.0,IBE.BMEX,BMEX,2020-01-07T00:00:00
9076,9132,8827110.0,,,89937,,,1.0,IBE.BMEX,BMEX,2020-01-06T00:00:00
9116,9178,12676470.0,,,9039,,,1.0,IBE.BMEX,BMEX,2020-01-03T00:00:00
9184,9.22,10594600.0,,,90803,,,1.0,IBE.BMEX,BMEX,2020-01-02T00:00:00
9174,9.18,6724758.0,,,9041,,,1.0,IBE.BMEX,BMEX,2019-12-31T00:00:00
9282,9284,11050930.0,,,91434,,,1.0,IBE.BMEX,BMEX,2019-12-30T00:00:00
9.25,9322,10213210.0,,,91808,,,1.0,IBE.BMEX,BMEX,2019-12-27T00:00:00
9208,9246,2303761.0,,,9106,,,1.0,IBE.BMEX,BMEX,2019-12-24T00:00:00
9.22,9.28,10967140.0,,,91394,,,1.0,IBE.BMEX,BMEX,2019-12-23T00:00:00
9.12,9268,25061320.0,,,91276,,,1.0,IBE.BMEX,BMEX,2019-12-20T00:00:00
9084,9.12,23804100.0,,,89819,,,1.0,IBE.BMEX,BMEX,2019-12-19T00:00:00
9146,9164,22786230.0,,,90252,,,1.0,IBE.BMEX,BMEX,2019-12-18T00:00:00
9074,9158,16817990.0,,,90193,,,1.0,IBE.BMEX,BMEX,2019-12-17T00:00:00
9024,9.08,14799750.0,,,89425,,,1.0,IBE.BMEX,BMEX,2019-12-16T00:00:00
8854,8998,15298970.0,,,88617,,,1.0,IBE.BMEX,BMEX,2019-12-13T00:00:00
8886,8.91,14469490.0,,,8775,,,1.0,IBE.BMEX,BMEX,2019-12-12T00:00:00
8794,8948,23959520.0,,,88125,,,1.0,IBE.BMEX,BMEX,2019-12-11T00:00:00
8712,8792,15328280.0,,,86588,,,1.0,IBE.BMEX,BMEX,2019-12-10T00:00:00
8746,8794,12831960.0,,,86608,,,1.0,IBE.BMEX,BMEX,2019-12-09T00:00:00
8656,8772,9803246.0,,,86391,,,1.0,IBE.BMEX,BMEX,2019-12-06T00:00:00
8664,8664,12097240.0,,,85328,,,1.0,IBE.BMEX,BMEX,2019-12-05T00:00:00
8582,8672,9783856.0,,,85406,,,1.0,IBE.BMEX,BMEX,2019-12-04T00:00:00
8566,8.6,30247410.0,,,84697,,,1.0,IBE.BMEX,BMEX,2019-12-03T00:00:00
8576,8594,24861109.0,,,84638,,,1.0,IBE.BMEX,BMEX,2019-12-02T00:00:00
8904,8928,9417881.0,,,87928,,,1.0,IBE.BMEX,BMEX,2019-11-29T00:00:00
8892,8916,4632612.0,,,87809,,,1.0,IBE.BMEX,BMEX,2019-11-28T00:00:00
8894,8928,14015850.0,,,87928,,,1.0,IBE.BMEX,BMEX,2019-11-27T00:00:00
8.81,8896,31460600.0,,,87613,,,1.0,IBE.BMEX,BMEX,2019-11-26T00:00:00
8854,8898,11565420.0,,,87632,,,1.0,IBE.BMEX,BMEX,2019-11-25T00:00:00
8842,8874,11703370.0,,,87396,,,1.0,IBE.BMEX,BMEX,2019-11-22T00:00:00
8834,8868,12482450.0,,,87337,,,1.0,IBE.BMEX,BMEX,2019-11-21T00:00:00
8.87,8898,12105380.0,,,87632,,,1.0,IBE.BMEX,BMEX,2019-11-20T00:00:00
8898,8914,10095130.0,,,8779,,,1.0,IBE.BMEX,BMEX,2019-11-19T00:00:00
8784,8.93,10241280.0,,,87947,,,1.0,IBE.BMEX,BMEX,2019-11-18T00:00:00
8802,8.82,26748529.0,,,86864,,,1.0,IBE.BMEX,BMEX,2019-11-15T00:00:00
8802,8802,22297109.0,,,86687,,,1.0,IBE.BMEX,BMEX,2019-11-14T00:00:00
8766,8836,16874699.0,,,87022,,,1.0,IBE.BMEX,BMEX,2019-11-13T00:00:00
8864,8868,16244040.0,,,87337,,,1.0,IBE.BMEX,BMEX,2019-11-12T00:00:00
8.89,8898,20050270.0,,,87632,,,1.0,IBE.BMEX,BMEX,2019-11-11T00:00:00
8.85,8968,14100650.0,,,88322,,,1.0,IBE.BMEX,BMEX,2019-11-08T00:00:00
8.87,8876,20197699.0,,,87416,,,1.0,IBE.BMEX,BMEX,2019-11-07T00:00:00
8954,9048,15074600.0,,,8911,,,1.0,IBE.BMEX,BMEX,2019-11-06T00:00:00
9026,9.04,20454650.0,,,89031,,,1.0,IBE.BMEX,BMEX,2019-11-05T00:00:00
9108,9136,12557090.0,,,89976,,,1.0,IBE.BMEX,BMEX,2019-11-04T00:00:00
9138,9176,9736250.0,,,9037,,,1.0,IBE.BMEX,BMEX,2019-11-01T00:00:00
9154,9208,17845859.0,,,90685,,,1.0,IBE.BMEX,BMEX,2019-10-31T00:00:00
9.08,9128,22419170.0,,,89897,,,1.0,IBE.BMEX,BMEX,2019-10-30T00:00:00
9072,9.15,21313330.0,,,90114,,,1.0,IBE.BMEX,BMEX,2019-10-29T00:00:00
9124,9182,9578373.0,,,90429,,,1.0,IBE.BMEX,BMEX,2019-10-28T00:00:00
9.17,9216,8955220.0,,,90764,,,1.0,IBE.BMEX,BMEX,2019-10-25T00:00:00
9144,9204,18592551.0,,,90646,,,1.0,IBE.BMEX,BMEX,2019-10-24T00:00:00
9062,9132,12308660.0,,,89937,,,1.0,IBE.BMEX,BMEX,2019-10-23T00:00:00
9028,9106,10997560.0,,,89681,,,1.0,IBE.BMEX,BMEX,2019-10-22T00:00:00
9.03,9.06,18009670.0,,,89228,,,1.0,IBE.BMEX,BMEX,2019-10-21T00:00:00
9044,9122,23150500.0,,,89838,,,1.0,IBE.BMEX,BMEX,2019-10-18T00:00:00
9.07,9094,15938980.0,,,89563,,,1.0,IBE.BMEX,BMEX,2019-10-17T00:00:00
9.02,9.16,28142641.0,,,90213,,,1.0,IBE.BMEX,BMEX,2019-10-16T00:00:00
9154,9156,17696869.0,,,90173,,,1.0,IBE.BMEX,BMEX,2019-10-15T00:00:00
9174,9254,20039289.0,,,91138,,,1.0,IBE.BMEX,BMEX,2019-10-14T00:00:00
9164,9214,17577039.0,,,90744,,,1.0,IBE.BMEX,BMEX,2019-10-11T00:00:00
9248,9298,11580170.0,,,91572,,,1.0,IBE.BMEX,BMEX,2019-10-10T00:00:00
9.31,9352,9213393.0,,,92103,,,1.0,IBE.BMEX,BMEX,2019-10-09T00:00:00
9332,9332,13605580.0,,,91906,,,1.0,IBE.BMEX,BMEX,2019-10-08T00:00:00
9344,9424,11115370.0,,,92813,,,1.0,IBE.BMEX,BMEX,2019-10-07T00:00:00
9.27,9388,12084200.0,,,92458,,,1.0,IBE.BMEX,BMEX,2019-10-04T00:00:00
9268,9.3,9377973.0,,,91591,,,1.0,IBE.BMEX,BMEX,2019-10-03T00:00:00
9302,9.31,13794160.0,,,9169,,,1.0,IBE.BMEX,BMEX,2019-10-02T00:00:00
9382,9.42,10314630.0,,,92773,,,1.0,IBE.BMEX,BMEX,2019-10-01T00:00:00
9398,9536,12573580.0,,,93916,,,1.0,IBE.BMEX,BMEX,2019-09-30T00:00:00
9392,9418,9860548.0,,,92753,,,1.0,IBE.BMEX,BMEX,2019-09-27T00:00:00
9362,9.48,11243830.0,,,93364,,,1.0,IBE.BMEX,BMEX,2019-09-26T00:00:00
9352,9388,18306150.0,,,92458,,,1.0,IBE.BMEX,BMEX,2019-09-25T00:00:00
9312,9436,13489140.0,,,92931,,,1.0,IBE.BMEX,BMEX,2019-09-24T00:00:00
9282,9.35,13914750.0,,,92084,,,1.0,IBE.BMEX,BMEX,2019-09-23T00:00:00
9272,9272,57528273.0,,,91316,,,1.0,IBE.BMEX,BMEX,2019-09-20T00:00:00
9272,9332,9531827.0,,,91906,,,1.0,IBE.BMEX,BMEX,2019-09-19T00:00:00
9222,9.32,16067410.0,,,91788,,,1.0,IBE.BMEX,BMEX,2019-09-18T00:00:00
9.16,9.27,22680100.0,,,91296,,,1.0,IBE.BMEX,BMEX,2019-09-17T00:00:00
9156,9156,19200490.0,,,90173,,,1.0,IBE.BMEX,BMEX,2019-09-16T00:00:00
9206,9.21,13611280.0,,,90705,,,1.0,IBE.BMEX,BMEX,2019-09-13T00:00:00
9.18,9308,20051680.0,,,9167,,,1.0,IBE.BMEX,BMEX,2019-09-12T00:00:00
9.06,9194,21213971.0,,,90547,,,1.0,IBE.BMEX,BMEX,2019-09-11T00:00:00
9076,9196,22100359.0,,,90567,,,1.0,IBE.BMEX,BMEX,2019-09-10T00:00:00
9172,9.23,17306670.0,,,90902,,,1.0,IBE.BMEX,BMEX,2019-09-09T00:00:00
9324,9428,15107660.0,,,92852,,,1.0,IBE.BMEX,BMEX,2019-09-06T00:00:00
9398,9438,11913830.0,,,9295,,,1.0,IBE.BMEX,BMEX,2019-09-05T00:00:00
9442,9498,13298190.0,,,93541,,,1.0,IBE.BMEX,BMEX,2019-09-04T00:00:00
9414,9526,11560970.0,,,93817,,,1.0,IBE.BMEX,BMEX,2019-09-03T00:00:00
9.34,9442,7498053.0,,,9299,,,1.0,IBE.BMEX,BMEX,2019-09-02T00:00:00
9352,9352,10565140.0,,,92103,,,1.0,IBE.BMEX,BMEX,2019-08-30T00:00:00
9.29,9356,9300256.0,,,92143,,,1.0,IBE.BMEX,BMEX,2019-08-29T00:00:00
9.25,9316,16542539.0,,,91749,,,1.0,IBE.BMEX,BMEX,2019-08-28T00:00:00
9.22,9304,15828920.0,,,91631,,,1.0,IBE.BMEX,BMEX,2019-08-27T00:00:00
9182,9262,5654883.0,,,91217,,,1.0,IBE.BMEX,BMEX,2019-08-26T00:00:00
9242,9.26,15527990.0,,,91197,,,1.0,IBE.BMEX,BMEX,2019-08-23T00:00:00
9276,9314,9965913.0,,,91729,,,1.0,IBE.BMEX,BMEX,2019-08-22T00:00:00
9292,9338,13997220.0,,,91966,,,1.0,IBE.BMEX,BMEX,2019-08-21T00:00:00
9268,9286,13411620.0,,,91453,,,1.0,IBE.BMEX,BMEX,2019-08-20T00:00:00
9.25,9298,10995260.0,,,91572,,,1.0,IBE.BMEX,BMEX,2019-08-19T00:00:00
9122,9246,19745840.0,,,9106,,,1.0,IBE.BMEX,BMEX,2019-08-16T00:00:00
8.94,9.13,19092199.0,,,89917,,,1.0,IBE.BMEX,BMEX,2019-08-15T00:00:00
8854,8926,21972949.0,,,87908,,,1.0,IBE.BMEX,BMEX,2019-08-14T00:00:00
8864,8932,13663680.0,,,87967,,,1.0,IBE.BMEX,BMEX,2019-08-13T00:00:00
8804,8894,8212584.0,,,87593,,,1.0,IBE.BMEX,BMEX,2019-08-12T00:00:00
8734,8818,20582699.0,,,86844,,,1.0,IBE.BMEX,BMEX,2019-08-09T00:00:00
8.76,8804,11220520.0,,,86706,,,1.0,IBE.BMEX,BMEX,2019-08-08T00:00:00
8724,8788,17020260.0,,,86549,,,1.0,IBE.BMEX,BMEX,2019-08-07T00:00:00
8624,8.7,14125220.0,,,85682,,,1.0,IBE.BMEX,BMEX,2019-08-06T00:00:00
8628,8642,12656330.0,,,85111,,,1.0,IBE.BMEX,BMEX,2019-08-05T00:00:00
8548,8.66,17955109.0,,,85288,,,1.0,IBE.BMEX,BMEX,2019-08-02T00:00:00
8512,8618,9354637.0,,,84875,,,1.0,IBE.BMEX,BMEX,2019-08-01T00:00:00
8416,8.57,18108070.0,,,84402,,,1.0,IBE.BMEX,BMEX,2019-07-31T00:00:00
8496,8.52,13843520.0,,,83909,,,1.0,IBE.BMEX,BMEX,2019-07-30T00:00:00
8568,8638,8558786.0,,,85072,,,1.0,IBE.BMEX,BMEX,2019-07-29T00:00:00
8582,8592,8605532.0,,,84619,,,1.0,IBE.BMEX,BMEX,2019-07-26T00:00:00
8568,8.64,12659180.0,,,85091,,,1.0,IBE.BMEX,BMEX,2019-07-25T00:00:00
8586,8.64,13818240.0,,,85091,,,1.0,IBE.BMEX,BMEX,2019-07-24T00:00:00
8476,8564,9237007.0,,,84343,,,1.0,IBE.BMEX,BMEX,2019-07-23T00:00:00
8462,8516,13675230.0,,,8387,,,1.0,IBE.BMEX,BMEX,2019-07-22T00:00:00
8512,8512,11766250.0,,,83831,,,1.0,IBE.BMEX,BMEX,2019-07-19T00:00:00
8534,8614,15152480.0,,,84835,,,1.0,IBE.BMEX,BMEX,2019-07-18T00:00:00
8544,8574,11486650.0,,,84441,,,1.0,IBE.BMEX,BMEX,2019-07-17T00:00:00
8.53,8566,15148880.0,,,84363,,,1.0,IBE.BMEX,BMEX,2019-07-16T00:00:00
8542,8564,12540320.0,,,84343,,,1.0,IBE.BMEX,BMEX,2019-07-15T00:00:00
8508,8.55,11192220.0,,,84205,,,1.0,IBE.BMEX,BMEX,2019-07-12T00:00:00
8552,8592,25101570.0,,,84619,,,1.0,IBE.BMEX,BMEX,2019-07-11T00:00:00
8504,8614,16002880.0,,,84835,,,1.0,IBE.BMEX,BMEX,2019-07-10T00:00:00
8.55,8594,22978311.0,,,84638,,,1.0,IBE.BMEX,BMEX,2019-07-09T00:00:00
8512,8592,16627391.0,,,84619,,,1.0,IBE.BMEX,BMEX,2019-07-08T00:00:00
8564,8.63,18884900.0,,,84993,,,1.0,IBE.BMEX,BMEX,2019-07-05T00:00:00
8.68,8732,15187450.0,,,85997,,,1.0,IBE.BMEX,BMEX,2019-07-04T00:00:00
8922,9002,16520410.0,,,87061,,,1.0,IBE.BMEX,BMEX,2019-07-03T00:00:00
8758,8886,18378850.0,,,85939,,,1.0,IBE.BMEX,BMEX,2019-07-02T00:00:00
8638,8.74,16379310.0,,,84527,,,1.0,IBE.BMEX,BMEX,2019-07-01T00:00:00
8686,8766,21799711.0,,,84778,,,1.0,IBE.BMEX,BMEX,2019-06-28T00:00:00
8742,8776,15421100.0,,,84876,,,1.0,IBE.BMEX,BMEX,2019-06-27T00:00:00
8814,8.82,17788141.0,,,85301,,,1.0,IBE.BMEX,BMEX,2019-06-26T00:00:00
8882,8886,46594801.0,,,85939,,,1.0,IBE.BMEX,BMEX,2019-06-25T00:00:00
8.87,8944,15756750.0,,,8.65,,,1.0,IBE.BMEX,BMEX,2019-06-24T00:00:00
8906,8.95,38824793.0,,,86558,,,1.0,IBE.BMEX,BMEX,2019-06-21T00:00:00
8878,8904,21579270.0,,,86114,,,1.0,IBE.BMEX,BMEX,2019-06-20T00:00:00
8892,8.91,25472090.0,,,86172,,,1.0,IBE.BMEX,BMEX,2019-06-19T00:00:00
8.88,9068,17261420.0,,,87699,,,1.0,IBE.BMEX,BMEX,2019-06-18T00:00:00
8866,8.9,15839550.0,,,86074,,,1.0,IBE.BMEX,BMEX,2019-06-17T00:00:00
8.91,8958,13310490.0,,,86636,,,1.0,IBE.BMEX,BMEX,2019-06-14T00:00:00
8866,8.9,18059900.0,,,86074,,,1.0,IBE.BMEX,BMEX,2019-06-13T00:00:00
8768,8.89,17181900.0,,,85978,,,1.0,IBE.BMEX,BMEX,2019-06-12T00:00:00
8764,8798,13880360.0,,,85088,,,1.0,IBE.BMEX,BMEX,2019-06-11T00:00:00
8786,8818,9074585.0,,,85281,,,1.0,IBE.BMEX,BMEX,2019-06-10T00:00:00
8738,8.87,15282540.0,,,85785,,,1.0,IBE.BMEX,BMEX,2019-06-07T00:00:00
8606,8778,19317010.0,,,84894,,,1.0,IBE.BMEX,BMEX,2019-06-06T00:00:00
8452,8604,51959969.0,,,83212,,,1.0,IBE.BMEX,BMEX,2019-06-05T00:00:00
8384,8456,14980520.0,,,8178,,,1.0,IBE.BMEX,BMEX,2019-06-04T00:00:00
8262,8426,22773660.0,,,81491,,,1.0,IBE.BMEX,BMEX,2019-06-03T00:00:00
8286,8314,23786520.0,,,80407,,,1.0,IBE.BMEX,BMEX,2019-05-31T00:00:00
8.38,8418,9677326.0,,,81413,,,1.0,IBE.BMEX,BMEX,2019-05-30T00:00:00
8372,8.44,13182000.0,,,81626,,,1.0,IBE.BMEX,BMEX,2019-05-29T00:00:00
8458,8476,40682160.0,,,81974,,,1.0,IBE.BMEX,BMEX,2019-05-28T00:00:00
8442,8496,9267794.0,,,82167,,,1.0,IBE.BMEX,BMEX,2019-05-27T00:00:00
8262,8.45,14455450.0,,,81722,,,1.0,IBE.BMEX,BMEX,2019-05-24T00:00:00
8232,8264,21770461.0,,,79924,,,1.0,IBE.BMEX,BMEX,2019-05-23T00:00:00
8132,8.3,9540349.0,,,80271,,,1.0,IBE.BMEX,BMEX,2019-05-22T00:00:00
8092,8.16,14082020.0,,,78918,,,1.0,IBE.BMEX,BMEX,2019-05-21T00:00:00
8124,8174,17747820.0,,,79053,,,1.0,IBE.BMEX,BMEX,2019-05-20T00:00:00
8152,8.18,13479320.0,,,79111,,,1.0,IBE.BMEX,BMEX,2019-05-17T00:00:00
8124,8214,13692810.0,,,7944,,,1.0,IBE.BMEX,BMEX,2019-05-16T00:00:00
8.06,8192,14570610.0,,,79227,,,1.0,IBE.BMEX,BMEX,2019-05-15T00:00:00
8.02,8114,10926840.0,,,78473,,,1.0,IBE.BMEX,BMEX,2019-05-14T00:00:00
7974,8062,13087750.0,,,7797,,,1.0,IBE.BMEX,BMEX,2019-05-13T00:00:00
7886,7992,13188130.0,,,77293,,,1.0,IBE.BMEX,BMEX,2019-05-10T00:00:00
7876,7.88,12099220.0,,,7621,,,1.0,IBE.BMEX,BMEX,2019-05-09T00:00:00
7892,7914,12462670.0,,,76539,,,1.0,IBE.BMEX,BMEX,2019-05-08T00:00:00
7974,8022,13573800.0,,,77583,,,1.0,IBE.BMEX,BMEX,2019-05-07T00:00:00
7.85,8006,8531245.0,,,77428,,,1.0,IBE.BMEX,BMEX,2019-05-06T00:00:00
7.92,7976,8100534.0,,,77139,,,1.0,IBE.BMEX,BMEX,2019-05-03T00:00:00
7946,7946,17407039.0,,,76848,,,1.0,IBE.BMEX,BMEX,2019-05-02T00:00:00
7912,8098,14844010.0,,,78318,,,1.0,IBE.BMEX,BMEX,2019-04-30T00:00:00
7894,7934,10637150.0,,,76732,,,1.0,IBE.BMEX,BMEX,2019-04-29T00:00:00
7992,8044,21842141.0,,,77796,,,1.0,IBE.BMEX,BMEX,2019-04-26T00:00:00
7.9,8148,18730670.0,,,78802,,,1.0,IBE.BMEX,BMEX,2019-04-25T00:00:00
7756,7812,15949060.0,,,75552,,,1.0,IBE.BMEX,BMEX,2019-04-24T00:00:00
7764,7838,14309260.0,,,75803,,,1.0,IBE.BMEX,BMEX,2019-04-23T00:00:00
7696,7778,21383580.0,,,75223,,,1.0,IBE.BMEX,BMEX,2019-04-18T00:00:00
7604,7762,12583670.0,,,75068,,,1.0,IBE.BMEX,BMEX,2019-04-17T00:00:00
7718,7718,11809850.0,,,74643,,,1.0,IBE.BMEX,BMEX,2019-04-16T00:00:00
7742,7.79,10947580.0,,,75339,,,1.0,IBE.BMEX,BMEX,2019-04-15T00:00:00
7754,7754,14641890.0,,,74992,,,1.0,IBE.BMEX,BMEX,2019-04-12T00:00:00
7836,7848,26579029.0,,,75901,,,1.0,IBE.BMEX,BMEX,2019-04-11T00:00:00
7912,7948,11889970.0,,,76868,,,1.0,IBE.BMEX,BMEX,2019-04-10T00:00:00
7892,7914,11003480.0,,,76539,,,1.0,IBE.BMEX,BMEX,2019-04-09T00:00:00
7904,7904,12982380.0,,,76442,,,1.0,IBE.BMEX,BMEX,2019-04-08T00:00:00
7904,7942,15494000.0,,,7681,,,1.0,IBE.BMEX,BMEX,2019-04-05T00:00:00
7906,7.96,16847260.0,,,76984,,,1.0,IBE.BMEX,BMEX,2019-04-04T00:00:00
7768,7.91,14098170.0,,,7.65,,,1.0,IBE.BMEX,BMEX,2019-04-03T00:00:00
7768,7798,19224131.0,,,75417,,,1.0,IBE.BMEX,BMEX,2019-04-02T00:00:00
7756,7.77,24193270.0,,,75146,,,1.0,IBE.BMEX,BMEX,2019-04-01T00:00:00
7804,7826,15376850.0,,,75688,,,1.0,IBE.BMEX,BMEX,2019-03-29T00:00:00
7854,7854,14639080.0,,,75959,,,1.0,IBE.BMEX,BMEX,2019-03-28T00:00:00
7696,7884,16660189.0,,,76248,,,1.0,IBE.BMEX,BMEX,2019-03-27T00:00:00
7744,7766,33864961.0,,,75107,,,1.0,IBE.BMEX,BMEX,2019-03-26T00:00:00
7706,7.77,15699740.0,,,75146,,,1.0,IBE.BMEX,BMEX,2019-03-25T00:00:00
7708,7728,19887490.0,,,7474,,,1.0,IBE.BMEX,BMEX,2019-03-22T00:00:00
7732,7.78,12909540.0,,,75243,,,1.0,IBE.BMEX,BMEX,2019-03-21T00:00:00
7716,7768,16517279.0,,,75127,,,1.0,IBE.BMEX,BMEX,2019-03-20T00:00:00
7714,7736,8789202.0,,,74817,,,1.0,IBE.BMEX,BMEX,2019-03-19T00:00:00
7652,7722,12613910.0,,,74681,,,1.0,IBE.BMEX,BMEX,2019-03-18T00:00:00
7606,7672,46574992.0,,,74198,,,1.0,IBE.BMEX,BMEX,2019-03-15T00:00:00
7566,7596,44251480.0,,,73463,,,1.0,IBE.BMEX,BMEX,2019-03-14T00:00:00
7586,7588,13486290.0,,,73385,,,1.0,IBE.BMEX,BMEX,2019-03-13T00:00:00
7554,7634,18592141.0,,,7383,,,1.0,IBE.BMEX,BMEX,2019-03-12T00:00:00
7534,7588,25072920.0,,,73385,,,1.0,IBE.BMEX,BMEX,2019-03-11T00:00:00
7548,7548,16719180.0,,,72999,,,1.0,IBE.BMEX,BMEX,2019-03-08T00:00:00
7382,7636,25371500.0,,,7385,,,1.0,IBE.BMEX,BMEX,2019-03-07T00:00:00
7.32,7376,14548400.0,,,71336,,,1.0,IBE.BMEX,BMEX,2019-03-06T00:00:00
7.29,7.35,10288930.0,,,71084,,,1.0,IBE.BMEX,BMEX,2019-03-05T00:00:00
7278,7312,8684536.0,,,70716,,,1.0,IBE.BMEX,BMEX,2019-03-04T00:00:00
7276,7292,17061461.0,,,70523,,,1.0,IBE.BMEX,BMEX,2019-03-01T00:00:00
7.3,7352,16826910.0,,,71103,,,1.0,IBE.BMEX,BMEX,2019-02-28T00:00:00
7334,7342,15900000.0,,,71007,,,1.0,IBE.BMEX,BMEX,2019-02-27T00:00:00
7272,7334,16723580.0,,,70929,,,1.0,IBE.BMEX,BMEX,2019-02-26T00:00:00
7.32,7336,15753320.0,,,70949,,,1.0,IBE.BMEX,BMEX,2019-02-25T00:00:00
7364,7418,12145850.0,,,71742,,,1.0,IBE.BMEX,BMEX,2019-02-22T00:00:00
7322,7.4,15492830.0,,,71567,,,1.0,IBE.BMEX,BMEX,2019-02-21T00:00:00
7264,7322,15301080.0,,,70813,,,1.0,IBE.BMEX,BMEX,2019-02-20T00:00:00
7212,7228,9985276.0,,,69904,,,1.0,IBE.BMEX,BMEX,2019-02-19T00:00:00
7238,7242,7041882.0,,,7004,,,1.0,IBE.BMEX,BMEX,2019-02-18T00:00:00
7172,7.25,15055880.0,,,70117,,,1.0,IBE.BMEX,BMEX,2019-02-15T00:00:00
7168,7184,25152789.0,,,69478,,,1.0,IBE.BMEX,BMEX,2019-02-14T00:00:00
7.2,7.23,12674350.0,,,69924,,,1.0,IBE.BMEX,BMEX,2019-02-13T00:00:00
7244,7264,11073140.0,,,70253,,,1.0,IBE.BMEX,BMEX,2019-02-12T00:00:00
7.2,7236,12442410.0,,,69982,,,1.0,IBE.BMEX,BMEX,2019-02-11T00:00:00
7166,7182,10464170.0,,,6946,,,1.0,IBE.BMEX,BMEX,2019-02-08T00:00:00
7214,7.24,10247950.0,,,7002,,,1.0,IBE.BMEX,BMEX,2019-02-07T00:00:00
7202,7244,9375185.0,,,70059,,,1.0,IBE.BMEX,BMEX,2019-02-06T00:00:00
7134,7234,20292471.0,,,69962,,,1.0,IBE.BMEX,BMEX,2019-02-05T00:00:00
7.12,7192,8994917.0,,,69556,,,1.0,IBE.BMEX,BMEX,2019-02-04T00:00:00
7.1,7164,14597610.0,,,69285,,,1.0,IBE.BMEX,BMEX,2019-02-01T00:00:00
7114,7.2,17592750.0,,,69633,,,1.0,IBE.BMEX,BMEX,2019-01-31T00:00:00
7074,7108,15719440.0,,,68744,,,1.0,IBE.BMEX,BMEX,2019-01-30T00:00:00
7.07,7.14,12511370.0,,,69053,,,1.0,IBE.BMEX,BMEX,2019-01-29T00:00:00
7018,7068,10051070.0,,,68357,,,1.0,IBE.BMEX,BMEX,2019-01-28T00:00:00
7072,7072,17576689.0,,,68395,,,1.0,IBE.BMEX,BMEX,2019-01-25T00:00:00
7032,7114,21280580.0,,,68802,,,1.0,IBE.BMEX,BMEX,2019-01-24T00:00:00
7012,7.07,13164120.0,,,68376,,,1.0,IBE.BMEX,BMEX,2019-01-23T00:00:00
6974,7048,18193900.0,,,68164,,,1.0,IBE.BMEX,BMEX,2019-01-22T00:00:00
6978,7.01,16372650.0,,,67795,,,1.0,IBE.BMEX,BMEX,2019-01-21T00:00:00
6964,7064,43589727.0,,,68318,,,1.0,IBE.BMEX,BMEX,2019-01-18T00:00:00
6.89,6.95,14114530.0,,,67215,,,1.0,IBE.BMEX,BMEX,2019-01-17T00:00:00
6886,6918,18669250.0,,,66906,,,1.0,IBE.BMEX,BMEX,2019-01-16T00:00:00
6862,6924,31646561.0,,,66964,,,1.0,IBE.BMEX,BMEX,2019-01-15T00:00:00
6832,6878,22557279.0,,,66519,,,1.0,IBE.BMEX,BMEX,2019-01-14T00:00:00
6844,6.91,18681510.0,,,66828,,,1.0,IBE.BMEX,BMEX,2019-01-11T00:00:00
6.86,6902,16866770.0,,,66751,,,1.0,IBE.BMEX,BMEX,2019-01-10T00:00:00
6854,6864,19459301.0,,,66384,,,1.0,IBE.BMEX,BMEX,2019-01-09T00:00:00
7076,7.09,15947220.0,,,67387,,,1.0,IBE.BMEX,BMEX,2019-01-08T00:00:00
7052,7116,14130350.0,,,67634,,,1.0,IBE.BMEX,BMEX,2019-01-07T00:00:00
7024,7062,15163630.0,,,67121,,,1.0,IBE.BMEX,BMEX,2019-01-04T00:00:00
6944,7.01,24470520.0,,,66626,,,1.0,IBE.BMEX,BMEX,2019-01-03T00:00:00
6864,6998,17518650.0,,,66512,,,1.0,IBE.BMEX,BMEX,2019-01-02T00:00:00
